Specimen,Species,Common,SzCl,SizeRangeLb,SizeRangeKg,SkelPort,LPort,Element,Side,ActorTaxon,Effector,NumBreaks,trab,Surface Area,Volume,Bounding Box Dim1,Bounding Box Dim2,Bounding Box Dim3
MN10AA0101,Cervus canadensis,Elk,3.0,250-750,113-340,hindlimb,distal,mttar,right,Homo sapiens,HSAnv,3,False,2140.87060546875,3382.518229166666,82.50109100341797,11.880725860595705,8.557567596435549
MN10AA0105,Cervus canadensis,Elk,3.0,250-750,113-340,hindlimb,distal,mttar,right,Homo sapiens,HSAnv,7,False,1272.3094482421875,1816.010091145833,42.09954071044922,21.44898796081543,9.26024055480957
MN10AA0203,Cervus canadensis,Elk,3.0,250-750,113-340,hindlimb,distal,mttar,left,Homo sapiens,HSAnv,4,False,3283.130859375,7811.990885416668,77.00485229492188,24.24311065673828,16.852058410644528
MN10AA0207,Cervus canadensis,Elk,3.0,250-750,113-340,hindlimb,distal,mttar,left,Homo sapiens,HSAnv,4,False,1415.7913818359375,2530.418294270833,39.759010314941406,18.392242431640625,9.719141006469727
MN10AA0302,Cervus canadensis,Elk,3.0,250-750,113-340,hindlimb,distal,mttar,left,Homo sapiens,HSAnv,5,False,2314.480224609375,4319.266927083333,80.70518493652344,17.984905242919922,8.291865348815918
MN10AA0304,Cervus canadensis,Elk,3.0,250-750,113-340,hindlimb,distal,mttar,left,Homo sapiens,HSAnv,10,False,6449.40087890625,14867.10546875,106.74329376220705,25.193531036376953,17.282047271728516
MN10AA0305,Cervus canadensis,Elk,3.0,250-750,113-340,hindlimb,distal,mttar,left,Homo sapiens,HSAnv,7,True,4063.566650390625,6258.709635416668,59.35299682617188,25.894960403442386,16.154682159423828
MN10AA0306,Cervus canadensis,Elk,3.0,250-750,113-340,hindlimb,distal,mttar,left,Homo sapiens,HSAnv,9,False,8245.9296875,22732.79427083333,110.81813049316406,26.507930755615234,25.587661743164066
MN10AA0307,Cervus canadensis,Elk,3.0,250-750,113-340,hindlimb,distal,mttar,left,Homo sapiens,HSAnv,10,False,2791.924072265625,6137.978515625,61.61709594726562,24.3104248046875,13.651521682739258
MN10AA0308,Cervus canadensis,Elk,3.0,250-750,113-340,hindlimb,distal,mttar,left,Homo sapiens,HSAnv,5,False,2491.06494140625,4272.618489583333,91.47064971923828,13.667789459228516,10.224864959716797
MN10AA0403,Cervus canadensis,Elk,3.0,250-750,113-340,hindlimb,distal,mttar,right,Homo sapiens,HSAnv,11,False,6964.74365234375,16603.479166666668,102.0496826171875,28.94338417053223,21.16525077819824
MN10AA0503,Cervus canadensis,Elk,3.0,250-750,113-340,forelimb,distal,mtcar,left,Homo sapiens,HSAnv,3,False,5416.93408203125,11039.860677083336,72.26539611816406,28.836929321289066,26.350297927856445
MN10AA0506,Cervus canadensis,Elk,3.0,250-750,113-340,forelimb,distal,mtcar,left,Homo sapiens,HSAnv,4,False,1480.5614013671875,2642.7721354166665,37.46190643310547,22.76603698730469,9.324125289916992
MN10AA0603,Cervus canadensis,Elk,3.0,250-750,113-340,forelimb,distal,mtcar,left,Homo sapiens,HSAnv,12,False,4389.37109375,8649.932291666666,80.60890197753906,25.305950164794922,17.25242042541504
MN10AA0604,Cervus canadensis,Elk,3.0,250-750,113-340,forelimb,distal,mtcar,left,Homo sapiens,HSAnv,3,False,2784.711181640625,4587.419596354167,85.49540710449219,19.725738525390625,8.67706298828125
MN10AA0607,Cervus canadensis,Elk,3.0,250-750,113-340,forelimb,distal,mtcar,left,Homo sapiens,HSAnv,5,False,1221.955322265625,2029.865397135417,43.3854866027832,12.566452026367188,10.962654113769533
MN10AA0705,Cervus canadensis,Elk,3.0,250-750,113-340,forelimb,distal,mtcar,right,Homo sapiens,HSAnv,7,False,3848.44140625,6605.420572916668,81.53912353515625,23.32201385498047,13.811296463012695
MN10AA0706,Cervus canadensis,Elk,3.0,250-750,113-340,forelimb,distal,mtcar,right,Homo sapiens,HSAnv,5,False,1689.5548095703125,2615.29443359375,66.79653930664061,13.228632926940918,8.350238800048826
MN10AA0707,Cervus canadensis,Elk,3.0,250-750,113-340,forelimb,distal,mtcar,right,Homo sapiens,HSAnv,6,False,2414.422119140625,4510.836263020833,56.289306640625,21.069808959960934,15.11334991455078
MN10AA0708,Cervus canadensis,Elk,3.0,250-750,113-340,forelimb,distal,mtcar,right,Homo sapiens,HSAnv,5,False,1668.5087890625,2293.3922526041665,50.87493133544922,19.29383659362793,8.466516494750978
MN10AA0709,Cervus canadensis,Elk,3.0,250-750,113-340,forelimb,distal,mtcar,right,Homo sapiens,HSAnv,6,False,1728.4217529296875,3353.198893229166,33.111053466796875,23.76423454284668,14.20129680633545
MN10AA0803,Cervus canadensis,Elk,3.0,250-750,113-340,forelimb,distal,mtcar,right,Homo sapiens,HSAnv,4,False,4552.73828125,9056.704427083334,127.12351989746094,20.211877822875977,13.822286605834961
MN10AA0804,Cervus canadensis,Elk,3.0,250-750,113-340,forelimb,distal,mtcar,right,Homo sapiens,HSAnv,7,False,2790.5,5216.1474609375,64.91769409179689,19.86774444580078,17.190553665161133
MN10AA0809,Cervus canadensis,Elk,3.0,250-750,113-340,forelimb,distal,mtcar,right,Homo sapiens,HSAnv,3,False,1030.9468994140623,1448.06787109375,32.82623672485352,19.849838256835934,8.605426788330076
MN10AA0903,Cervus canadensis,Elk,3.0,250-750,113-340,hindlimb,distal,mttar,left,Homo sapiens,HSAnv,6,False,10675.9541015625,28212.921875,132.35670471191406,35.379310607910156,23.98747253417969
MN10AA0904,Cervus canadensis,Elk,3.0,250-750,113-340,hindlimb,distal,mttar,left,Homo sapiens,HSAnv,6,False,2556.650146484375,4775.558268229167,61.6368179321289,23.21849632263184,9.802963256835938
MN10AA0905,Cervus canadensis,Elk,3.0,250-750,113-340,hindlimb,distal,mttar,left,Homo sapiens,HSAnv,4,False,1558.3399658203125,2445.2019856770835,60.00225830078125,13.77630615234375,9.36613655090332
MN10AA0906,Cervus canadensis,Elk,3.0,250-750,113-340,hindlimb,distal,mttar,left,Homo sapiens,HSAnv,3,False,1597.8848876953125,2731.4557291666665,52.96952438354492,14.502096176147461,12.19084644317627
MN10AA0907,Cervus canadensis,Elk,3.0,250-750,113-340,hindlimb,distal,mttar,left,Homo sapiens,HSAnv,5,False,4206.04541015625,10682.106770833334,70.25579833984375,26.770244598388672,16.962158203125
MN10AA0908,Cervus canadensis,Elk,3.0,250-750,113-340,hindlimb,distal,mttar,left,Homo sapiens,HSAnv,3,False,1389.611328125,1829.2478841145835,46.81984329223633,15.40180206298828,8.940788269042969
MN10AA1003,Cervus canadensis,Elk,3.0,250-750,113-340,forelimb,distal,mtcar,right,Homo sapiens,HSAnv,10,False,5534.76904296875,11567.024739583336,80.81431579589844,31.04692268371582,15.063194274902346
MN10AA1004,Cervus canadensis,Elk,3.0,250-750,113-340,forelimb,distal,mtcar,right,Homo sapiens,HSAnv,7,False,2389.548828125,4793.047200520833,59.64584350585938,20.34434127807617,10.164817810058594
MN10AA1005,Cervus canadensis,Elk,3.0,250-750,113-340,forelimb,distal,mtcar,right,Homo sapiens,HSAnv,5,False,1874.9091796875,3723.853190104167,49.628639221191406,18.693283081054688,8.568515777587889
MN10AA1007,Cervus canadensis,Elk,3.0,250-750,113-340,forelimb,distal,mtcar,right,Homo sapiens,HSAnv,6,False,1410.6873779296875,2264.455403645833,41.3656005859375,17.4019775390625,10.738618850708008
MN10AA1011,Cervus canadensis,Elk,3.0,250-750,113-340,forelimb,distal,mtcar,right,Homo sapiens,HSAnv,5,False,1001.0442504882812,1261.9654947916667,36.55057144165039,13.676809310913086,6.716211795806885
MN10AA1302,Cervus canadensis,Elk,3.0,250-750,113-340,hindlimb,proximal,fem,right,Homo sapiens,HSAnv,5,True,10369.0283203125,18813.39192708333,148.2652587890625,35.12335968017578,22.76223373413086
MN10AA1406,Cervus canadensis,Elk,3.0,250-750,113-340,hindlimb,proximal,fem,left,Homo sapiens,HSAnv,3,False,1057.424072265625,1179.5992024739585,43.14477157592773,15.336891174316404,6.166303634643555
MN10AA1508,Cervus canadensis,Elk,3.0,250-750,113-340,hindlimb,proximal,fem,left,Homo sapiens,HSAnv,2,True,1281.4700927734375,1505.5322265625,41.477294921875,15.789759635925293,6.055704116821289
MN10AA1509,Cervus canadensis,Elk,3.0,250-750,113-340,hindlimb,proximal,fem,left,Homo sapiens,HSAnv,4,True,2195.264892578125,3045.055338541666,75.14735412597656,19.837106704711914,7.828883647918701
MN10AA1514,Cervus canadensis,Elk,3.0,250-750,113-340,hindlimb,proximal,fem,left,Homo sapiens,HSAnv,2,False,1198.17333984375,1524.850911458333,44.3919677734375,16.742570877075195,6.206915855407715
MN10AA1904,Cervus canadensis,Elk,3.0,250-750,113-340,forelimb,proximal,hum,left,Homo sapiens,HSAnv,5,True,4978.34619140625,10344.529296875,63.0484619140625,38.32292938232422,21.97292709350586
MN10AA1905,Cervus canadensis,Elk,3.0,250-750,113-340,forelimb,proximal,hum,left,Homo sapiens,HSAnv,2,True,3728.424560546875,5549.324869791668,79.81265258789062,26.691259384155273,14.465280532836914
MN10AA1906,Cervus canadensis,Elk,3.0,250-750,113-340,forelimb,proximal,hum,left,Homo sapiens,HSAnv,5,False,2709.8271484375,3586.979817708333,72.4529800415039,22.65332794189453,6.7906455993652335
MN10AA1907,Cervus canadensis,Elk,3.0,250-750,113-340,forelimb,proximal,hum,left,Homo sapiens,HSAnv,5,True,1473.2816162109375,1949.363932291667,42.538482666015625,25.538393020629886,10.240192413330078
MN10AA2003,Cervus canadensis,Elk,3.0,250-750,113-340,hindlimb,middle,tib,left,Homo sapiens,HSAnv,6,False,8055.8671875,20157.62890625,143.00387573242188,32.60211944580078,20.337932586669922
MN10AA2004,Cervus canadensis,Elk,3.0,250-750,113-340,hindlimb,middle,tib,left,Homo sapiens,HSAnv,4,False,3075.234619140625,7095.943359375,85.11572265625,22.02157974243164,11.090262413024902
MN10AA2005,Cervus canadensis,Elk,3.0,250-750,113-340,hindlimb,middle,tib,left,Homo sapiens,HSAnv,9,False,5179.6474609375,12678.821614583336,86.94642639160156,33.60586929321289,14.603069305419922
MN10AA2006,Cervus canadensis,Elk,3.0,250-750,113-340,hindlimb,middle,tib,left,Homo sapiens,HSAnv,5,False,2967.22998046875,6024.748046875,80.53839111328125,22.60114288330078,14.062139511108398
MN10AA2007,Cervus canadensis,Elk,3.0,250-750,113-340,hindlimb,middle,tib,left,Homo sapiens,HSAnv,5,False,2029.345703125,3976.001627604167,54.25720977783203,22.322473526000977,12.84742546081543
MN10AA2105,Cervus canadensis,Elk,3.0,250-750,113-340,forelimb,middle,rad-uln,right,Homo sapiens,HSAnv,6,False,5368.5146484375,11964.337239583336,102.6378936767578,22.89932632446289,17.026514053344727
MN10AA2106,Cervus canadensis,Elk,3.0,250-750,113-340,forelimb,middle,rad-uln,right,Homo sapiens,HSAnv,12,False,3906.60009765625,9184.73828125,78.49620056152344,27.557147979736328,19.567161560058594
MN10AA2109,Cervus canadensis,Elk,3.0,250-750,113-340,forelimb,middle,rad-uln,right,Homo sapiens,HSAnv,5,False,1608.8751220703125,2276.9205729166665,59.02558135986328,14.897253036499025,8.096484184265138
MN10AA2110,Cervus canadensis,Elk,3.0,250-750,113-340,forelimb,middle,rad-uln,right,Homo sapiens,HSAnv,3,False,750.9663696289062,814.4981282552085,39.750587463378906,11.719278335571287,5.388018608093262
MN10AA2112,Cervus canadensis,Elk,3.0,250-750,113-340,forelimb,middle,rad-uln,right,Homo sapiens,HSAnv,4,False,758.140380859375,818.7747395833335,34.911834716796875,12.10213565826416,5.041471004486084
MN10AA2113,Cervus canadensis,Elk,3.0,250-750,113-340,forelimb,middle,rad-uln,right,Homo sapiens,HSAnv,4,False,618.0559692382812,729.3710123697915,30.09123420715332,11.935755729675293,7.031163215637207
MN10AA2114,Cervus canadensis,Elk,3.0,250-750,113-340,forelimb,middle,rad-uln,right,Homo sapiens,HSAnv,3,False,745.7598876953125,781.525634765625,40.90423202514648,12.851627349853516,4.379199028015137
MN10AA2204,Cervus canadensis,Elk,3.0,250-750,113-340,forelimb,middle,rad-uln,right,Homo sapiens,HSAnv,7,True,7256.30078125,16112.6640625,126.84596252441406,27.525604248046875,17.271873474121097
MN10AA2206,Cervus canadensis,Elk,3.0,250-750,113-340,forelimb,middle,rad-uln,right,Homo sapiens,HSAnv,6,False,3346.122802734375,4915.122395833333,83.36353302001953,21.688661575317386,10.334688186645508
MN10AA2207,Cervus canadensis,Elk,3.0,250-750,113-340,forelimb,middle,rad-uln,right,Homo sapiens,HSAnv,10,False,1633.73779296875,2953.8056640625,49.342063903808594,17.816715240478516,9.2061767578125
MN10AA2208,Cervus canadensis,Elk,3.0,250-750,113-340,forelimb,middle,rad-uln,right,Homo sapiens,HSAnv,9,False,2659.9306640625,5363.8857421875,76.04624938964844,18.652618408203125,10.287043571472168
MN10AA2211,Cervus canadensis,Elk,3.0,250-750,113-340,forelimb,middle,rad-uln,right,Homo sapiens,HSAnv,2,False,688.5745239257812,462.4017333984375,49.54623413085938,10.549674987792967,3.726135730743408
MN10AA2303,Cervus canadensis,Elk,3.0,250-750,113-340,forelimb,proximal,hum,right,Homo sapiens,HSAnv,8,False,2049.216552734375,3892.552734375,44.65140151977539,25.7897891998291,10.197341918945312
MN10AA2304,Cervus canadensis,Elk,3.0,250-750,113-340,forelimb,proximal,hum,right,Homo sapiens,HSAnv,6,False,2014.701416015625,2649.703450520833,40.84127807617188,33.68916702270508,11.524334907531738
MN10AA2305,Cervus canadensis,Elk,3.0,250-750,113-340,forelimb,proximal,hum,right,Homo sapiens,HSAnv,4,False,1179.9866943359375,1576.403645833333,47.8602294921875,16.601875305175778,8.224443435668945
MN10AA2306,Cervus canadensis,Elk,3.0,250-750,113-340,forelimb,proximal,hum,right,Homo sapiens,HSAnv,5,False,1574.8460693359375,2632.01123046875,42.71062469482422,19.27725982666016,8.964160919189453
MN10AA2310,Cervus canadensis,Elk,3.0,250-750,113-340,forelimb,proximal,hum,right,Homo sapiens,HSAnv,5,False,699.63427734375,1013.8668619791665,25.79365539550781,14.262678146362305,7.878255844116211
MN10AA2404,Cervus canadensis,Elk,3.0,250-750,113-340,hindlimb,proximal,fem,right,Homo sapiens,HSAnv,8,False,8210.7197265625,16667.471354166668,130.66697692871094,32.865978240966804,16.22896385192871
MN10AA2405,Cervus canadensis,Elk,3.0,250-750,113-340,hindlimb,proximal,fem,right,Homo sapiens,HSAnv,6,False,2954.567626953125,5204.201822916667,79.90483093261719,22.707279205322266,12.558284759521484
MN10AA2408,Cervus canadensis,Elk,3.0,250-750,113-340,hindlimb,proximal,fem,right,Homo sapiens,HSAnv,5,True,2406.80517578125,3488.301432291666,60.37079620361328,27.12418365478516,11.187604904174805
MN10AA2409,Cervus canadensis,Elk,3.0,250-750,113-340,hindlimb,proximal,fem,right,Homo sapiens,HSAnv,5,False,2336.868408203125,3897.919921875,46.48923873901367,25.39596366882324,10.237651824951172
MN10AA2504,Cervus canadensis,Elk,3.0,250-750,113-340,hindlimb,middle,tib,right,Homo sapiens,HSAnv,5,False,4167.54248046875,6823.033854166668,79.9981918334961,30.58233642578125,10.357999801635742
MN10AA2505,Cervus canadensis,Elk,3.0,250-750,113-340,hindlimb,middle,tib,right,Homo sapiens,HSAnv,8,False,2721.891357421875,5455.748697916667,42.10854721069336,28.98790168762207,14.396438598632812
MN10AA2506,Cervus canadensis,Elk,3.0,250-750,113-340,hindlimb,middle,tib,right,Homo sapiens,HSAnv,7,False,2264.423095703125,4466.10546875,44.16555786132813,21.141572952270508,17.52138328552246
MN10AA2507,Cervus canadensis,Elk,3.0,250-750,113-340,hindlimb,middle,tib,right,Homo sapiens,HSAnv,6,False,2774.87744140625,4599.390625,79.80648040771484,17.848407745361328,8.584983825683594
MN10AA2508,Cervus canadensis,Elk,3.0,250-750,113-340,hindlimb,middle,tib,right,Homo sapiens,HSAnv,6,False,2248.38134765625,4143.319010416667,67.27081298828125,20.983036041259766,8.706232070922853
MN10AA2509,Cervus canadensis,Elk,3.0,250-750,113-340,hindlimb,middle,tib,right,Homo sapiens,HSAnv,2,False,822.3468017578125,612.5413411458334,31.884143829345703,19.570358276367188,4.124786853790283
MN10AA2603,Cervus canadensis,Elk,3.0,250-750,113-340,hindlimb,distal,mttar,right,Homo sapiens,HSAnv,4,False,7242.4990234375,16714.873697916668,107.07485961914062,30.79826545715332,17.314355850219727
MN10AA2604,Cervus canadensis,Elk,3.0,250-750,113-340,hindlimb,distal,mttar,right,Homo sapiens,HSAnv,7,False,1221.33642578125,1413.95556640625,39.09918212890625,29.423831939697266,10.00775909423828
MN10AA2605,Cervus canadensis,Elk,3.0,250-750,113-340,hindlimb,distal,mttar,right,Homo sapiens,HSAnv,7,False,2582.01220703125,3907.2255859375,77.64078521728516,20.41075897216797,8.85579776763916
MN10AA2606,Cervus canadensis,Elk,3.0,250-750,113-340,hindlimb,distal,mttar,right,Homo sapiens,HSAnv,3,False,2161.4013671875,2591.5807291666665,107.10263061523438,12.600521087646484,9.09117317199707
MN10AA2607,Cervus canadensis,Elk,3.0,250-750,113-340,hindlimb,distal,mttar,right,Homo sapiens,HSAnv,6,False,1677.0770263671875,2609.5734049479165,50.34022521972656,16.409595489501953,12.18463897705078
MN10AA2608,Cervus canadensis,Elk,3.0,250-750,113-340,hindlimb,distal,mttar,right,Homo sapiens,HSAnv,6,False,961.1719360351562,951.7582194010415,49.260231018066406,9.929678916931152,6.063980102539063
MN10AA2703,Cervus canadensis,Elk,3.0,250-750,113-340,forelimb,proximal,fem,left,Homo sapiens,HSAnv,6,True,6480.80078125,12270.453125,102.69482421875,33.61981964111328,21.120006561279297
MN10AA2704,Cervus canadensis,Elk,3.0,250-750,113-340,forelimb,proximal,fem,left,Homo sapiens,HSAnv,6,False,6594.1162109375,11895.6484375,101.77766418457031,35.40918731689453,14.926666259765625
MN10AA2705,Cervus canadensis,Elk,3.0,250-750,113-340,forelimb,proximal,fem,left,Homo sapiens,HSAnv,16,True,3664.31396484375,5640.243489583332,58.57609939575195,40.69015884399414,13.139678001403807
MN10AA2803,Cervus canadensis,Elk,3.0,250-750,113-340,hindlimb,middle,tib,left,Homo sapiens,HSAnv,5,False,3992.42822265625,6019.0546875,109.06808471679688,21.964862823486328,8.597068786621094
MN10AA2804,Cervus canadensis,Elk,3.0,250-750,113-340,hindlimb,middle,tib,left,Homo sapiens,HSAnv,4,False,3473.47119140625,6369.3359375,104.81838989257812,23.243755340576172,9.22675323486328
MN10AA2805,Cervus canadensis,Elk,3.0,250-750,113-340,hindlimb,middle,tib,left,Homo sapiens,HSAnv,5,False,1943.5391845703125,3412.215169270833,56.46458053588867,19.454700469970703,9.710850715637207
MN10AA2806,Cervus canadensis,Elk,3.0,250-750,113-340,hindlimb,middle,tib,left,Homo sapiens,HSAnv,5,False,1954.108642578125,3164.626302083333,62.9423713684082,18.51787567138672,7.416379928588867
MN10AA2807,Cervus canadensis,Elk,3.0,250-750,113-340,hindlimb,middle,tib,left,Homo sapiens,HSAnv,6,False,690.1221923828125,859.9453938802085,25.455984115600586,13.696640014648438,7.407950401306152
MN10AA2808,Cervus canadensis,Elk,3.0,250-750,113-340,hindlimb,middle,tib,left,Homo sapiens,HSAnv,3,False,1359.4525146484375,1639.06005859375,50.99717330932617,21.366811752319336,7.742969512939452
MN10AA2809,Cervus canadensis,Elk,3.0,250-750,113-340,hindlimb,middle,tib,left,Homo sapiens,HSAnv,3,False,709.642822265625,848.095703125,33.855091094970696,12.027095794677734,8.139877319335938
MN10AA2902,Cervus canadensis,Elk,3.0,250-750,113-340,forelimb,middle,rad-uln,right,Homo sapiens,HSAnv,6,False,3439.4453125,5206.4951171875,57.78817367553711,29.49669647216797,14.312626838684082
MN10AA2904,Cervus canadensis,Elk,3.0,250-750,113-340,forelimb,middle,rad-uln,right,Homo sapiens,HSAnv,4,False,1715.0640869140625,2658.7548828125,56.7174072265625,21.36004638671875,8.938295364379883
MN10AA2905,Cervus canadensis,Elk,3.0,250-750,113-340,forelimb,middle,rad-uln,right,Homo sapiens,HSAnv,4,False,1277.0289306640625,1712.423502604167,40.469627380371094,21.70953369140625,7.0097904205322275
MN10AA2906,Cervus canadensis,Elk,3.0,250-750,113-340,forelimb,middle,rad-uln,right,Homo sapiens,HSAnv,8,False,1445.702880859375,1983.26318359375,56.017311096191406,16.432395935058597,6.512992858886719
MN10AA2907,Cervus canadensis,Elk,3.0,250-750,113-340,forelimb,middle,rad-uln,right,Homo sapiens,HSAnv,5,False,793.9142456054688,803.9700520833335,34.507591247558594,12.990055084228516,4.302404880523682
MN10AA2908,Cervus canadensis,Elk,3.0,250-750,113-340,forelimb,middle,rad-uln,right,Homo sapiens,HSAnv,7,False,1197.013671875,1468.034016927083,57.84033203125,11.466449737548828,6.719400405883789
MN10AA2909,Cervus canadensis,Elk,3.0,250-750,113-340,forelimb,middle,rad-uln,right,Homo sapiens,HSAnv,4,False,831.7343139648438,1119.798583984375,33.86883544921875,10.788982391357422,10.174077987670898
MN10AA2910,Cervus canadensis,Elk,3.0,250-750,113-340,forelimb,middle,rad-uln,right,Homo sapiens,HSAnv,3,False,728.6452026367188,1102.9264322916667,24.809816360473636,14.08725357055664,11.120172500610352
MN10AA3003,Cervus canadensis,Elk,3.0,250-750,113-340,forelimb,distal,mtcar,right,Homo sapiens,HSAnv,4,False,1629.721435546875,2382.650390625,52.5211296081543,15.196649551391602,7.4334611892700195
MN10AA3004,Cervus canadensis,Elk,3.0,250-750,113-340,forelimb,distal,mtcar,right,Homo sapiens,HSAnv,5,False,701.0307006835938,665.2237548828125,46.61066055297852,11.849663734436035,5.13168478012085
MN10AA3005,Cervus canadensis,Elk,3.0,250-750,113-340,forelimb,distal,mtcar,right,Homo sapiens,HSAnv,4,False,736.4072875976562,848.4119466145835,39.16595458984375,13.028642654418945,5.8783159255981445
MN10AA3102,Cervus canadensis,Elk,3.0,250-750,113-340,forelimb,distal,mtcar,left,Homo sapiens,HSAnv,9,False,10681.935546875,17960.751302083332,167.63912963867188,23.600282669067386,22.62380409240723
MN10AA3103,Cervus canadensis,Elk,3.0,250-750,113-340,forelimb,distal,mtcar,left,Homo sapiens,HSAnv,10,False,3304.492431640625,5419.7392578125,70.70510864257812,25.606342315673828,10.717490196228027
MN10AA3202,Cervus canadensis,Elk,3.0,250-750,113-340,hindlimb,distal,mttar,left,Homo sapiens,HSAnv,6,False,8219.4287109375,15457.354166666664,168.35064697265625,30.73051452636719,13.72344207763672
MN10AA3203,Cervus canadensis,Elk,3.0,250-750,113-340,hindlimb,distal,mttar,left,Homo sapiens,HSAnv,4,False,3922.172607421875,6887.477213541668,103.14610290527344,21.053699493408203,12.942214965820312
MN10AA3204,Cervus canadensis,Elk,3.0,250-750,113-340,hindlimb,distal,mttar,left,Homo sapiens,HSAnv,6,False,3165.72705078125,6696.219401041668,66.92072296142578,24.241626739501953,12.142900466918945
MN10AA3205,Cervus canadensis,Elk,3.0,250-750,113-340,hindlimb,distal,mttar,left,Homo sapiens,HSAnv,5,False,1387.5849609375,2414.279296875,48.98192596435547,17.235700607299805,9.717733383178713
MN10AA3302,Cervus canadensis,Elk,3.0,250-750,113-340,forelimb,proximal,hum,left,Homo sapiens,HSAnv,7,True,4802.0546875,7719.158203125,90.98550415039062,30.55329895019531,15.89569854736328
MN10AA3303,Cervus canadensis,Elk,3.0,250-750,113-340,forelimb,proximal,hum,left,Homo sapiens,HSAnv,7,True,4891.51953125,8033.912760416668,87.13502502441406,33.88222122192383,13.912117004394533
MN10AA3304,Cervus canadensis,Elk,3.0,250-750,113-340,forelimb,proximal,hum,left,Homo sapiens,HSAnv,6,False,2458.529541015625,4274.017903645833,58.87403869628906,26.31423568725586,8.565654754638674
MN10AA3305,Cervus canadensis,Elk,3.0,250-750,113-340,forelimb,proximal,hum,left,Homo sapiens,HSAnv,4,False,896.1004028320312,729.2012532552085,33.070152282714844,22.60549545288086,6.008659362792969
MN10AA3402,Cervus canadensis,Elk,3.0,250-750,113-340,forelimb,middle,rad-uln,left,Homo sapiens,HSAnv,6,False,3666.12255859375,5870.520833333332,82.98585510253906,25.61284255981445,12.536163330078125
MN10AA3403,Cervus canadensis,Elk,3.0,250-750,113-340,forelimb,middle,rad-uln,left,Homo sapiens,HSAnv,5,False,799.2029418945312,997.2081705729165,34.452255249023445,11.934549331665039,7.088940143585205
MN10AA3404,Cervus canadensis,Elk,3.0,250-750,113-340,forelimb,middle,rad-uln,left,Homo sapiens,HSAnv,7,False,1867.2176513671875,2743.595052083333,68.51551818847656,19.076072692871094,7.239774703979492
MN10AA3405,Cervus canadensis,Elk,3.0,250-750,113-340,forelimb,middle,rad-uln,left,Homo sapiens,HSAnv,7,False,1413.1580810546875,2025.359375,44.36245346069336,15.12648105621338,8.9541015625
MN11AA0403,Cervus canadensis,Elk,3.0,250-750,113-340,hindlimb,distal,mttar,right,Homo sapiens,HSAnv,8,True,8122.40576171875,21252.98046875,143.259033203125,28.204673767089844,20.97710418701172
MN11AA0404,Cervus canadensis,Elk,3.0,250-750,113-340,hindlimb,distal,mttar,right,Homo sapiens,HSAnv,6,False,3791.87451171875,7957.193359375,91.1170425415039,21.62373352050781,12.091388702392578
MN11AA0405,Cervus canadensis,Elk,3.0,250-750,113-340,hindlimb,distal,mttar,right,Homo sapiens,HSAnv,5,False,3308.807861328125,7631.174479166668,72.96305847167969,23.58764266967773,11.607751846313475
MN11AA0407,Cervus canadensis,Elk,3.0,250-750,113-340,hindlimb,distal,mttar,right,Homo sapiens,HSAnv,8,False,4015.000732421875,8640.0234375,96.75520324707031,22.266817092895508,12.719314575195312
MN11AA0408,Cervus canadensis,Elk,3.0,250-750,113-340,hindlimb,distal,mttar,right,Homo sapiens,HSAnv,5,False,2980.606201171875,5483.485026041667,95.69000244140624,17.123954772949222,9.93476104736328
MN11AA0503,Cervus canadensis,Elk,3.0,250-750,113-340,forelimb,distal,mtcar,right,Homo sapiens,HSAnv,4,False,2146.748046875,3758.234049479167,53.0267448425293,23.70035552978516,12.091561317443848
MN11AA0504,Cervus canadensis,Elk,3.0,250-750,113-340,forelimb,distal,mtcar,right,Homo sapiens,HSAnv,3,False,623.273681640625,680.1499837239584,33.586044311523445,10.257854461669922,8.075281143188478
MN11AA0505,Cervus canadensis,Elk,3.0,250-750,113-340,forelimb,distal,mtcar,right,Homo sapiens,HSAnv,5,False,636.6268310546875,670.2806803385416,37.44690322875977,9.924064636230467,7.14445686340332
MN11AA0506,Cervus canadensis,Elk,3.0,250-750,113-340,forelimb,distal,mtcar,right,Homo sapiens,HSAnv,4,False,770.283935546875,1043.546142578125,24.758808135986328,17.029132843017578,12.013345718383787
MN11AA0603,Cervus canadensis,Elk,3.0,250-750,113-340,forelimb,distal,mtcar,right,Homo sapiens,HSAnv,9,False,7699.734375,16098.748697916664,113.50536346435548,33.5753173828125,16.726364135742188
MN11AA0604,Cervus canadensis,Elk,3.0,250-750,113-340,forelimb,distal,mtcar,right,Homo sapiens,HSAnv,4,False,3949.135986328125,7600.766927083332,63.85918045043945,31.48682403564453,14.516950607299805
MN11AA0605,Cervus canadensis,Elk,3.0,250-750,113-340,forelimb,distal,mtcar,right,Homo sapiens,HSAnv,2,False,2886.68359375,5826.038411458332,59.52568817138672,24.101436614990234,10.941694259643556
MN11AA0606,Cervus canadensis,Elk,3.0,250-750,113-340,forelimb,distal,mtcar,right,Homo sapiens,HSAnv,5,False,1510.3006591796875,2681.8146158854165,42.30001831054688,18.759042739868164,9.945545196533203
MN11AA0703,Cervus canadensis,Elk,3.0,250-750,113-340,forelimb,distal,mtcar,right,Homo sapiens,HSAnv,8,False,5883.78466796875,13319.53125,88.51556396484375,32.54775238037109,18.919586181640625
MN11AA0706,Cervus canadensis,Elk,3.0,250-750,113-340,forelimb,distal,mtcar,right,Homo sapiens,HSAnv,5,False,1598.5181884765625,2410.44091796875,67.52536010742189,15.67396068572998,9.590221405029297
MN11AA0904,Cervus canadensis,Elk,3.0,250-750,113-340,forelimb,distal,mtcar,left,Homo sapiens,HSAnv,9,False,1213.339599609375,1961.24853515625,42.38507843017578,16.973291397094727,8.283208847045897
MN11AA0906,Cervus canadensis,Elk,3.0,250-750,113-340,forelimb,distal,mtcar,left,Homo sapiens,HSAnv,5,False,1050.3538818359377,1914.484375,31.63806343078613,18.99232482910156,9.278173446655273
MN11AA1003,Cervus canadensis,Elk,3.0,250-750,113-340,hindlimb,distal,mttar,left,Homo sapiens,HSAnv,7,False,5227.90869140625,12099.526041666664,79.33345794677734,30.67890930175781,21.39032554626465
MN11AA1107,Cervus canadensis,Elk,3.0,250-750,113-340,forelimb,distal,mtcar,left,Homo sapiens,HSAnv,3,False,1054.4384765625,1849.664388020833,24.82344627380371,20.02263641357422,10.747137069702148
MN12AA0102,Cervus canadensis,Elk,3.0,250-750,113-340,hindlimb,proximal,fem,right,Crocuta crocuta,teeth,10,True,4252.78955078125,8890.31640625,91.5336685180664,25.41078948974609,15.332504272460938
MN12AA0104,Cervus canadensis,Elk,3.0,250-750,113-340,hindlimb,proximal,fem,right,Crocuta crocuta,teeth,7,False,4257.396484375,9141.233072916666,78.99850463867188,30.76029396057129,17.460651397705078
MN12AA0105,Cervus canadensis,Elk,3.0,250-750,113-340,hindlimb,proximal,fem,right,Crocuta crocuta,teeth,12,True,3527.732421875,7280.376953125,70.72972106933594,26.923519134521484,11.400402069091795
MN12AA0106,Cervus canadensis,Elk,3.0,250-750,113-340,hindlimb,proximal,fem,right,Crocuta crocuta,teeth,7,False,2742.73095703125,4285.935872395833,64.56014251708984,25.85736656188965,12.399100303649902
MN12AA0110,Cervus canadensis,Elk,3.0,250-750,113-340,hindlimb,proximal,fem,right,Crocuta crocuta,teeth,5,False,1766.6158447265625,2529.6484375,46.77061462402344,25.394269943237305,7.735243320465088
MN12AA0202,Cervus canadensis,Elk,3.0,250-750,113-340,hindlimb,proximal,fem,right,Crocuta crocuta,teeth,15,True,5934.9306640625,11481.60546875,97.4540786743164,29.52712631225586,20.04164695739746
MN12AA0203,Cervus canadensis,Elk,3.0,250-750,113-340,hindlimb,proximal,fem,right,Crocuta crocuta,teeth,11,False,5132.54833984375,9993.170572916666,97.28289794921876,31.073448181152344,16.609102249145508
MN12AA0204,Cervus canadensis,Elk,3.0,250-750,113-340,hindlimb,proximal,fem,right,Crocuta crocuta,teeth,8,False,3496.0654296875,7597.110026041668,74.80221557617188,27.195207595825195,11.86124038696289
MN12AA0205,Cervus canadensis,Elk,3.0,250-750,113-340,hindlimb,proximal,fem,right,Crocuta crocuta,teeth,6,False,2309.592529296875,3704.796549479167,56.52965545654297,22.96799087524414,12.498587608337402
MN12AA0206,Cervus canadensis,Elk,3.0,250-750,113-340,hindlimb,proximal,fem,right,Crocuta crocuta,teeth,6,False,2736.615966796875,4938.085611979167,54.86872100830078,28.62121391296387,11.22650146484375
MN12AA0207,Cervus canadensis,Elk,3.0,250-750,113-340,hindlimb,proximal,fem,right,Crocuta crocuta,teeth,6,False,2017.359375,3464.025065104166,55.23509216308594,21.449146270751953,7.375869750976562
MN12AA0208,Cervus canadensis,Elk,3.0,250-750,113-340,hindlimb,proximal,fem,right,Crocuta crocuta,teeth,5,False,1986.131103515625,3040.177083333333,59.39250946044922,19.41518783569336,11.330953598022461
MN12AA0209,Cervus canadensis,Elk,3.0,250-750,113-340,hindlimb,proximal,fem,right,Crocuta crocuta,teeth,6,False,1018.5408935546876,1255.1995442708333,33.17104339599609,20.632556915283203,7.586905479431152
MN12AA0210,Cervus canadensis,Elk,3.0,250-750,113-340,hindlimb,proximal,fem,right,Crocuta crocuta,teeth,5,False,1017.4776611328124,1359.5764973958333,26.52970123291016,21.666786193847656,7.863450050354004
MN12AA0301,Cervus canadensis,Elk,3.0,250-750,113-340,hindlimb,proximal,fem,,Crocuta crocuta,teeth,11,False,3602.484619140625,6098.033854166668,76.21595764160156,28.91313552856445,15.052620887756348
MN12AA0302,Cervus canadensis,Elk,3.0,250-750,113-340,hindlimb,proximal,fem,,Crocuta crocuta,teeth,11,False,1419.1142578125,2083.5021158854165,54.30046844482422,14.36161994934082,7.789484977722168
MN12AA0303,Cervus canadensis,Elk,3.0,250-750,113-340,hindlimb,proximal,fem,,Crocuta crocuta,teeth,6,False,820.275146484375,890.9064127604165,34.75688934326172,14.762731552124025,5.835227012634277
MN12AA0402,Cervus canadensis,Elk,3.0,250-750,113-340,hindlimb,proximal,fem,left,Crocuta crocuta,teeth,8,True,7917.8740234375,19728.451822916668,125.581298828125,30.07608795166016,17.141637802124027
MN12AA0403,Cervus canadensis,Elk,3.0,250-750,113-340,hindlimb,proximal,fem,left,Crocuta crocuta,teeth,11,True,6419.60302734375,12348.861979166664,103.57600402832031,27.33477783203125,19.99751853942871
MN12AA0404,Cervus canadensis,Elk,3.0,250-750,113-340,hindlimb,proximal,fem,left,Crocuta crocuta,teeth,9,True,5954.31689453125,12713.115885416664,100.03707885742188,26.391298294067386,14.555276870727539
MN12AA0405,Cervus canadensis,Elk,3.0,250-750,113-340,hindlimb,proximal,fem,left,Crocuta crocuta,teeth,15,True,5660.98583984375,10022.313802083334,80.09403991699219,33.727394104003906,18.587406158447266
MN12AA0406,Cervus canadensis,Elk,3.0,250-750,113-340,hindlimb,proximal,fem,left,Crocuta crocuta,teeth,7,False,3613.207275390625,6498.834635416668,72.82052612304688,27.28977203369141,17.165611267089847
MN12AA0407,Cervus canadensis,Elk,3.0,250-750,113-340,hindlimb,proximal,fem,left,Crocuta crocuta,teeth,5,True,3274.24169921875,6584.171223958332,60.22716522216797,30.50926971435547,13.690195083618164
MN12AA0408,Cervus canadensis,Elk,3.0,250-750,113-340,hindlimb,proximal,fem,left,Crocuta crocuta,teeth,8,False,1009.5359497070312,1001.876953125,31.247352600097656,20.80902099609375,7.667813301086426
MN12AA0409,Cervus canadensis,Elk,3.0,250-750,113-340,hindlimb,proximal,fem,left,Crocuta crocuta,teeth,6,False,752.4413452148438,878.0721028645835,27.338815689086914,13.820131301879885,8.701465606689451
MN12AA0410,Cervus canadensis,Elk,3.0,250-750,113-340,hindlimb,proximal,fem,left,Crocuta crocuta,teeth,4,False,756.4781494140625,675.4097493489584,35.11085891723633,12.27290153503418,5.509356498718262
MN12AA0411,Cervus canadensis,Elk,3.0,250-750,113-340,hindlimb,proximal,fem,left,Crocuta crocuta,teeth,7,False,637.4323120117188,687.231201171875,30.96742057800293,11.84445571899414,6.120641231536865
MN12AA0502,Cervus canadensis,Elk,3.0,250-750,113-340,hindlimb,proximal,fem,right,Crocuta crocuta,teeth,13,False,4078.986572265625,6407.581380208332,72.65785217285156,30.26051521301269,18.025728225708008
MN12AA0503,Cervus canadensis,Elk,3.0,250-750,113-340,hindlimb,proximal,fem,right,Crocuta crocuta,teeth,7,True,3175.613525390625,4742.731119791667,59.72174835205078,27.67660903930664,12.309721946716307
MN12AA0505,Cervus canadensis,Elk,3.0,250-750,113-340,hindlimb,proximal,fem,right,Crocuta crocuta,teeth,7,False,4451.36767578125,5990.147135416668,73.88511657714844,31.30535888671875,19.009979248046875
MN12AA0506,Cervus canadensis,Elk,3.0,250-750,113-340,hindlimb,proximal,fem,right,Crocuta crocuta,teeth,12,True,3347.868896484375,5346.623372395833,66.91007995605469,30.648643493652344,11.422586441040039
MN12AA0507,Cervus canadensis,Elk,3.0,250-750,113-340,hindlimb,proximal,fem,right,Crocuta crocuta,teeth,9,False,2147.1484375,2946.315104166666,65.93576049804689,18.07675552368164,9.237838745117188
MN12AA0508,Cervus canadensis,Elk,3.0,250-750,113-340,hindlimb,proximal,fem,right,Crocuta crocuta,teeth,5,True,2095.626220703125,2928.411783854166,72.1878662109375,15.318602561950685,9.079912185668944
MN12AA0509,Cervus canadensis,Elk,3.0,250-750,113-340,hindlimb,proximal,fem,right,Crocuta crocuta,teeth,4,False,1543.846923828125,2188.12255859375,44.88307189941406,19.73148536682129,9.545487403869627
MN12AA0510,Cervus canadensis,Elk,3.0,250-750,113-340,hindlimb,proximal,fem,right,Crocuta crocuta,teeth,5,False,2848.365966796875,3867.283203125,72.21090698242188,23.98607635498047,15.440729141235352
MN12AA0511,Cervus canadensis,Elk,3.0,250-750,113-340,hindlimb,proximal,fem,right,Crocuta crocuta,teeth,4,False,1329.4510498046875,1470.043619791667,42.56487274169922,18.628297805786133,4.922284126281738
MN12AA0512,Cervus canadensis,Elk,3.0,250-750,113-340,hindlimb,proximal,fem,right,Crocuta crocuta,teeth,6,True,1573.927490234375,2161.884114583333,47.07118606567383,19.717832565307614,7.666288375854492
MN12AA0513,Cervus canadensis,Elk,3.0,250-750,113-340,hindlimb,proximal,fem,right,Crocuta crocuta,teeth,5,False,1580.42822265625,1925.104166666667,45.16157150268555,23.602766036987305,7.46389102935791
MN12AA0514,Cervus canadensis,Elk,3.0,250-750,113-340,hindlimb,proximal,fem,right,Crocuta crocuta,teeth,7,True,757.688720703125,799.14111328125,27.466636657714844,15.819067001342773,5.026622295379639
MN12AA0603,Cervus canadensis,Elk,3.0,250-750,113-340,hindlimb,proximal,fem,right,Crocuta crocuta,teeth,7,False,4329.54150390625,6927.58984375,82.56222534179688,29.05615997314453,15.16288948059082
MN12AA0604,Cervus canadensis,Elk,3.0,250-750,113-340,hindlimb,proximal,fem,right,Crocuta crocuta,teeth,6,False,3909.732177734375,6209.30078125,81.04899597167969,27.33927917480469,17.652681350708008
MN12AA0605,Cervus canadensis,Elk,3.0,250-750,113-340,hindlimb,proximal,fem,right,Crocuta crocuta,teeth,6,False,3474.012939453125,4590.888020833333,83.39012145996094,24.71897315979004,12.905233383178713
MN12AA0606,Cervus canadensis,Elk,3.0,250-750,113-340,hindlimb,proximal,fem,right,Crocuta crocuta,teeth,4,False,2925.352783203125,4910.555989583333,81.73959350585938,25.28630828857422,12.00227165222168
MN12AA0607,Cervus canadensis,Elk,3.0,250-750,113-340,hindlimb,proximal,fem,right,Crocuta crocuta,teeth,5,False,2836.943359375,4295.681966145833,73.77623748779297,22.616079330444336,11.656793594360352
MN12AA0608,Cervus canadensis,Elk,3.0,250-750,113-340,hindlimb,proximal,fem,right,Crocuta crocuta,teeth,5,False,2882.185302734375,3746.207682291666,66.938720703125,31.17828941345215,14.964588165283205
MN12AA0609,Cervus canadensis,Elk,3.0,250-750,113-340,hindlimb,proximal,fem,right,Crocuta crocuta,teeth,5,False,1294.3988037109375,1686.937662760417,52.9381332397461,14.900687217712402,12.724275588989258
MN12AA0703,Cervus canadensis,Elk,3.0,250-750,113-340,hindlimb,proximal,fem,right,Crocuta crocuta,teeth,7,True,1997.2996826171875,2844.381184895833,64.2919921875,17.087230682373047,7.173978805541992
MN12AA0704,Cervus canadensis,Elk,3.0,250-750,113-340,hindlimb,proximal,fem,right,Crocuta crocuta,teeth,5,False,1493.3841552734375,1745.712239583333,43.75202560424805,19.95925521850586,10.79222583770752
MN12AA0802,Cervus canadensis,Elk,3.0,250-750,113-340,hindlimb,proximal,fem,right,Crocuta crocuta,teeth,13,True,6569.85205078125,13277.893229166664,78.43943786621094,35.1927375793457,19.81315422058105
MN12AA0803,Cervus canadensis,Elk,3.0,250-750,113-340,hindlimb,proximal,fem,right,Crocuta crocuta,teeth,11,False,4112.73828125,7186.563151041668,62.43128967285156,35.052047729492195,19.742551803588867
MN12AA0804,Cervus canadensis,Elk,3.0,250-750,113-340,hindlimb,proximal,fem,right,Crocuta crocuta,teeth,8,False,2168.877685546875,3516.548502604166,57.96106719970703,24.390853881835934,9.344682693481444
MN12AA0805,Cervus canadensis,Elk,3.0,250-750,113-340,hindlimb,proximal,fem,right,Crocuta crocuta,teeth,6,False,2381.357177734375,3988.4248046875,52.01476287841797,24.596866607666016,9.265798568725586
MN12AA0806,Cervus canadensis,Elk,3.0,250-750,113-340,hindlimb,proximal,fem,right,Crocuta crocuta,teeth,6,True,1496.435302734375,2145.90478515625,39.59338760375977,22.363887786865234,7.043717384338379
MN12AA1002,Cervus canadensis,Elk,3.0,250-750,113-340,hindlimb,proximal,fem,right,Crocuta crocuta,teeth,9,False,4629.01171875,7766.176432291668,75.58114624023438,32.40316772460937,16.691818237304688
MN12AA1003,Cervus canadensis,Elk,3.0,250-750,113-340,hindlimb,proximal,fem,right,Crocuta crocuta,teeth,12,True,3562.266357421875,5918.972005208332,70.34243774414061,31.078937530517575,14.976694107055664
MN12AA1004,Cervus canadensis,Elk,3.0,250-750,113-340,hindlimb,proximal,fem,right,Crocuta crocuta,teeth,14,True,3624.633544921875,6251.789713541668,76.23733520507812,29.825613021850586,14.455482482910154
MN12AA1005,Cervus canadensis,Elk,3.0,250-750,113-340,hindlimb,proximal,fem,right,Crocuta crocuta,teeth,5,True,2637.509033203125,3482.119140625,59.34086227416992,30.77703666687012,11.556171417236328
MN12AA1007,Cervus canadensis,Elk,3.0,250-750,113-340,hindlimb,proximal,fem,right,Crocuta crocuta,teeth,9,False,1631.5289306640625,2421.290364583333,42.884071350097656,24.186302185058594,9.523408889770508
MN12AA1008,Cervus canadensis,Elk,3.0,250-750,113-340,hindlimb,proximal,fem,right,Crocuta crocuta,teeth,5,False,1382.5797119140625,2130.96044921875,40.46213150024414,23.209217071533203,7.844297409057617
MN12AA1102,Cervus canadensis,Elk,3.0,250-750,113-340,hindlimb,proximal,fem,left,Crocuta crocuta,teeth,11,True,5014.77197265625,7203.755208333332,102.03385925292969,25.760915756225586,21.82787322998047
MN12AA1103,Cervus canadensis,Elk,3.0,250-750,113-340,hindlimb,proximal,fem,left,Crocuta crocuta,teeth,8,True,4692.72412109375,7673.370442708332,81.32123565673828,27.705474853515625,22.201953887939453
MN12AA1104,Cervus canadensis,Elk,3.0,250-750,113-340,hindlimb,proximal,fem,left,Crocuta crocuta,teeth,9,False,4368.36376953125,6590.360677083332,86.44789123535156,32.263824462890625,18.64289093017578
MN12AA1105,Cervus canadensis,Elk,3.0,250-750,113-340,hindlimb,proximal,fem,left,Crocuta crocuta,teeth,8,True,3281.309814453125,4435.337890625,79.2040786743164,24.941049575805664,12.210805892944336
MN12AA1106,Cervus canadensis,Elk,3.0,250-750,113-340,hindlimb,proximal,fem,left,Crocuta crocuta,teeth,7,True,2761.600341796875,4163.821614583333,60.30576705932617,24.01629638671875,11.067455291748047
MN12AA1107,Cervus canadensis,Elk,3.0,250-750,113-340,hindlimb,proximal,fem,left,Crocuta crocuta,teeth,6,False,2193.233154296875,3011.255208333333,58.64293670654297,19.87715721130371,11.079301834106444
MN12AA1108,Cervus canadensis,Elk,3.0,250-750,113-340,hindlimb,proximal,fem,left,Crocuta crocuta,teeth,7,False,2199.8828125,3113.639322916666,66.13856506347656,19.724369049072266,6.416593074798584
MN12AA1109,Cervus canadensis,Elk,3.0,250-750,113-340,hindlimb,proximal,fem,left,Crocuta crocuta,teeth,5,False,1623.8714599609375,2184.2057291666665,68.96780395507811,16.244564056396484,7.224905014038086
MN12AA1110,Cervus canadensis,Elk,3.0,250-750,113-340,hindlimb,proximal,fem,left,Crocuta crocuta,teeth,7,False,1529.703857421875,1916.51220703125,48.01412963867188,22.94460487365723,7.080303192138673
MN12AA1111,Cervus canadensis,Elk,3.0,250-750,113-340,hindlimb,proximal,fem,left,Crocuta crocuta,teeth,5,False,1493.048828125,2332.454427083333,41.925453186035156,22.667823791503906,8.884431838989258
MN12AA1112,Cervus canadensis,Elk,3.0,250-750,113-340,hindlimb,proximal,fem,left,Crocuta crocuta,teeth,7,False,1447.4056396484375,1914.35791015625,46.59764862060547,16.300804138183597,10.978662490844727
MN12AA1113,Cervus canadensis,Elk,3.0,250-750,113-340,hindlimb,proximal,fem,left,Crocuta crocuta,teeth,5,False,1106.42431640625,1321.3097330729167,33.313011169433594,21.552074432373047,6.69858455657959
MN12AA5603,Cervus canadensis,Elk,3.0,250-750,113-340,hindlimb,proximal,fem,right,Homo sapiens,HSAnv,4,False,2322.88818359375,3364.1162109375,75.56611633300781,17.269508361816403,10.985894203186037
MN12AA5604,Cervus canadensis,Elk,3.0,250-750,113-340,hindlimb,proximal,fem,right,Homo sapiens,HSAnv,7,False,2069.28466796875,3210.5703125,68.2230224609375,21.139503479003906,8.958734512329102
MN12AA5606,Cervus canadensis,Elk,3.0,250-750,113-340,hindlimb,proximal,fem,right,Homo sapiens,HSAnv,9,True,7110.17919921875,14387.7109375,81.09117889404297,44.061073303222656,22.730939865112305
MN12AA5607,Cervus canadensis,Elk,3.0,250-750,113-340,hindlimb,proximal,fem,right,Homo sapiens,HSAnv,6,True,3054.6328125,4970.256510416667,53.63744735717773,36.696266174316406,13.60171604156494
MN12AA5703,Cervus canadensis,Elk,3.0,250-750,113-340,hindlimb,proximal,fem,right,Homo sapiens,HSAnv,9,True,13096.1259765625,24683.44270833333,154.81251525878906,40.77878952026367,25.85577964782715
MN12AA5704,Cervus canadensis,Elk,3.0,250-750,113-340,hindlimb,proximal,fem,right,Homo sapiens,HSAnv,4,True,4795.095703125,7090.928385416668,90.2786865234375,27.685688018798828,12.02973747253418
MN12AA5705,Cervus canadensis,Elk,3.0,250-750,113-340,hindlimb,proximal,fem,right,Homo sapiens,HSAnv,9,True,4444.232421875,6975.619791666668,93.5070343017578,34.06884765625,19.010440826416016
MN12AA5707,Cervus canadensis,Elk,3.0,250-750,113-340,hindlimb,proximal,fem,right,Homo sapiens,HSAnv,5,True,3108.365966796875,5266.823893229167,54.48523330688477,36.18663787841797,14.485708236694336
MN12AA5803,Cervus canadensis,Elk,3.0,250-750,113-340,hindlimb,proximal,fem,right,Homo sapiens,HSAnv,9,False,7639.35693359375,15802.240885416664,103.02802276611328,38.45054626464844,18.36089324951172
MN12AA5804,Cervus canadensis,Elk,3.0,250-750,113-340,hindlimb,proximal,fem,right,Homo sapiens,HSAnv,9,False,6052.564453125,11718.403645833336,85.39239501953125,33.88267135620117,14.499290466308596
MN12AA5806,Cervus canadensis,Elk,3.0,250-750,113-340,hindlimb,proximal,fem,right,Homo sapiens,HSAnv,10,False,4706.42578125,9183.651041666666,70.99887084960938,35.86115646362305,14.401982307434082
MN12AA5807,Cervus canadensis,Elk,3.0,250-750,113-340,hindlimb,proximal,fem,right,Homo sapiens,HSAnv,9,False,3944.330078125,8187.671875,80.14311981201172,27.29995536804199,17.493772506713867
MN12AA5809,Cervus canadensis,Elk,3.0,250-750,113-340,hindlimb,proximal,fem,right,Homo sapiens,HSAnv,6,False,1970.38623046875,2992.4384765625,44.76821517944336,35.65733337402344,11.895925521850586
MN12AA5903,Cervus canadensis,Elk,3.0,250-750,113-340,hindlimb,proximal,fem,left,Homo sapiens,HSAnv,9,True,23234.890625,40248.661458333336,198.10464477539062,41.78785705566406,35.71630859375
MN12AA5904,Cervus canadensis,Elk,3.0,250-750,113-340,hindlimb,proximal,fem,left,Homo sapiens,HSAnv,7,True,6161.79052734375,10079.947916666666,112.5226593017578,26.63665771484375,14.10313606262207
MN12AA5905,Cervus canadensis,Elk,3.0,250-750,113-340,hindlimb,proximal,fem,left,Homo sapiens,HSAnv,5,False,4245.8115234375,7361.024739583332,113.7701644897461,29.62007141113281,13.83108139038086
MN12AA5906,Cervus canadensis,Elk,3.0,250-750,113-340,hindlimb,proximal,fem,left,Homo sapiens,HSAnv,6,True,4286.15234375,7426.461588541668,90.82894897460938,28.594051361083984,9.687015533447266
MN12AA6002,Cervus canadensis,Elk,3.0,250-750,113-340,hindlimb,middle,tib,left,Homo sapiens,HSAnv,6,True,5646.6767578125,7501.677734375,103.16917419433594,33.32233428955078,11.469797134399414
MN12AA6003,Cervus canadensis,Elk,3.0,250-750,113-340,hindlimb,middle,tib,left,Homo sapiens,HSAnv,8,True,14582.453125,37305.4921875,180.4952087402344,30.47948265075684,30.65575218200684
MN12AA6004,Cervus canadensis,Elk,3.0,250-750,113-340,hindlimb,middle,tib,left,Homo sapiens,HSAnv,6,True,11410.1298828125,24866.60416666667,196.70574951171875,36.60577392578125,28.297260284423828
MN12AA6005,Cervus canadensis,Elk,3.0,250-750,113-340,hindlimb,middle,tib,left,Homo sapiens,HSAnv,8,False,3450.34814453125,5522.83984375,109.21644592285156,21.96573829650879,12.677627563476562
MN12AA6006,Cervus canadensis,Elk,3.0,250-750,113-340,hindlimb,middle,tib,left,Homo sapiens,HSAnv,5,True,2405.84326171875,3628.339192708334,61.940711975097656,22.605712890625,11.231260299682617
MN12AA6010,Cervus canadensis,Elk,3.0,250-750,113-340,hindlimb,middle,tib,left,Homo sapiens,HSAnv,8,True,5108.82373046875,7764.194661458332,75.34180450439453,31.87854766845703,10.823689460754396
MN12AA6011,Cervus canadensis,Elk,3.0,250-750,113-340,hindlimb,middle,tib,left,Homo sapiens,HSAnv,3,False,1153.6158447265625,1625.736490885417,35.27448272705078,19.80356979370117,7.439103126525879
MN12AA6017,Cervus canadensis,Elk,3.0,250-750,113-340,hindlimb,middle,tib,left,Homo sapiens,HSAnv,5,False,926.2139282226562,1214.3949381510415,38.19261932373047,17.092199325561527,7.1620965003967285
MN12AA6203,Cervus canadensis,Elk,3.0,250-750,113-340,hindlimb,middle,tib,right,Homo sapiens,HSAnv,8,False,7034.9521484375,16165.671875,107.0338134765625,31.64051818847656,14.381103515625
MN12AA6204,Cervus canadensis,Elk,3.0,250-750,113-340,hindlimb,middle,tib,right,Homo sapiens,HSAnv,7,False,7116.70068359375,14415.255208333336,125.4386749267578,29.3599796295166,20.48892974853516
MN12AA6206,Cervus canadensis,Elk,3.0,250-750,113-340,hindlimb,middle,tib,right,Homo sapiens,HSAnv,7,False,3437.66064453125,5667.046223958332,77.55494689941406,25.149322509765625,16.217208862304688
MN12AA6207,Cervus canadensis,Elk,3.0,250-750,113-340,hindlimb,middle,tib,right,Homo sapiens,HSAnv,7,False,3988.06103515625,8136.458333333332,91.04349517822266,30.469409942626953,16.705451965332028
MN12AA6303,Cervus canadensis,Elk,3.0,250-750,113-340,hindlimb,middle,tib,right,Homo sapiens,HSAnv,6,True,20778.96875,49069.77083333334,236.78561401367188,51.86856460571289,24.330005645751953
MN12AA6304,Cervus canadensis,Elk,3.0,250-750,113-340,hindlimb,middle,tib,right,Homo sapiens,HSAnv,10,True,17931.689453125,40660.1171875,216.5854797363281,39.48847961425781,29.02441024780273
MN12AA6310,Cervus canadensis,Elk,3.0,250-750,113-340,hindlimb,middle,tib,right,Homo sapiens,HSAnv,3,False,1975.74169921875,3218.509765625,55.2949447631836,19.083810806274414,16.264728546142578
MN12AA6311,Cervus canadensis,Elk,3.0,250-750,113-340,hindlimb,middle,tib,right,Homo sapiens,HSAnv,4,True,869.6946411132812,931.9649251302085,31.94464492797852,17.418981552124027,5.4936256408691415
MN12AA6402,Cervus canadensis,Elk,3.0,250-750,113-340,hindlimb,proximal,fem,left,Homo sapiens,HSAnv,11,True,18789.162109375,39496.55729166666,175.14157104492188,45.42591094970703,31.092512130737305
MN12AA6403,Cervus canadensis,Elk,3.0,250-750,113-340,hindlimb,proximal,fem,left,Homo sapiens,HSAnv,9,True,9159.439453125,19426.4921875,118.49400329589844,40.16844177246094,22.119775772094727
MN12AA6404,Cervus canadensis,Elk,3.0,250-750,113-340,hindlimb,proximal,fem,left,Homo sapiens,HSAnv,5,False,3129.135986328125,4653.776041666667,124.99569702148438,22.535600662231445,8.771878242492676
MN12AA6405,Cervus canadensis,Elk,3.0,250-750,113-340,hindlimb,proximal,fem,left,Homo sapiens,HSAnv,5,True,1658.041259765625,2335.3819986979165,49.86355590820313,23.73674774169922,11.913253784179688
MN12AA6406,Cervus canadensis,Elk,3.0,250-750,113-340,hindlimb,proximal,fem,left,Homo sapiens,HSAnv,4,True,2782.28955078125,2904.248372395833,46.68915557861328,25.99903106689453,10.487529754638672
MN12AA6503,Cervus canadensis,Elk,3.0,250-750,113-340,forelimb,middle,rad-uln,right,Homo sapiens,HSAnv,6,False,4477.77099609375,7853.588541666668,91.37735748291016,28.83597183227539,11.713662147521973
MN12AA6507,Cervus canadensis,Elk,3.0,250-750,113-340,forelimb,middle,rad-uln,right,Homo sapiens,HSAnv,10,True,2724.4931640625,5976.287760416668,54.452369689941406,23.76397705078125,10.68011474609375
MN13AA0103,Cervus canadensis,Elk,3.0,250-750,113-340,hindlimb,proximal,fem,right,Homo sapiens,HSAnv,9,True,9226.1376953125,18256.1484375,140.38507080078122,31.96673583984375,17.113286972045902
MN13AA0104,Cervus canadensis,Elk,3.0,250-750,113-340,hindlimb,proximal,fem,right,Homo sapiens,HSAnv,5,True,6030.23486328125,13780.639322916664,113.63290405273438,28.09314346313477,15.699090957641602
MN13AA0105,Cervus canadensis,Elk,3.0,250-750,113-340,hindlimb,proximal,fem,right,Homo sapiens,HSAnv,3,True,1782.9346923828125,2986.5830078125,37.17909240722656,26.548992156982425,9.497093200683594
MN13AA0107,Cervus canadensis,Elk,3.0,250-750,113-340,hindlimb,proximal,fem,right,Homo sapiens,HSAnv,7,False,2838.497802734375,5008.4921875,77.12836456298828,25.81589698791504,9.618059158325195
MN13AA0108,Cervus canadensis,Elk,3.0,250-750,113-340,hindlimb,proximal,fem,right,Homo sapiens,HSAnv,6,True,3001.00537109375,5042.755533854167,63.84065246582031,27.088823318481445,12.28298568725586
MN13AA0110,Cervus canadensis,Elk,3.0,250-750,113-340,hindlimb,proximal,fem,right,Homo sapiens,HSAnv,6,True,7580.01220703125,14083.923177083336,121.00294494628906,34.76300430297852,28.92198181152344
MN13AA0119,Cervus canadensis,Elk,3.0,250-750,113-340,hindlimb,proximal,fem,right,Homo sapiens,HSAnv,5,True,962.2316284179688,1219.972412109375,35.147289276123054,15.99812126159668,8.713528633117676
MN13AA0205,Cervus canadensis,Elk,3.0,250-750,113-340,forelimb,proximal,hum,right,Homo sapiens,HSAnv,6,False,1979.1177978515625,2410.4187825520835,59.18574905395508,26.81883811950684,7.09210205078125
MN13AA0206,Cervus canadensis,Elk,3.0,250-750,113-340,forelimb,proximal,hum,right,Homo sapiens,HSAnv,10,False,7479.68212890625,13189.286458333336,119.74240112304688,38.73691177368164,23.331317901611328
MN13AA0207,Cervus canadensis,Elk,3.0,250-750,113-340,forelimb,proximal,hum,right,Homo sapiens,HSAnv,9,True,4237.03466796875,6282.21875,83.15715026855469,25.2840633392334,14.024089813232422
MN13AA0210,Cervus canadensis,Elk,3.0,250-750,113-340,forelimb,proximal,hum,right,Homo sapiens,HSAnv,8,False,5012.0498046875,9013.464192708334,107.35604858398438,29.163902282714844,13.182823181152346
MN13AA0309,Cervus canadensis,Elk,3.0,250-750,113-340,hindlimb,middle,tib,right,Homo sapiens,HSAnv,6,False,4739.4619140625,10520.799479166666,82.658203125,30.82871437072754,15.538320541381836
MN13AA0413,Cervus canadensis,Elk,3.0,250-750,113-340,forelimb,middle,rad-uln,left,Homo sapiens,HSAnv,9,True,4319.70654296875,6376.620442708332,128.90736389160156,21.805320739746094,13.937973022460938
MN13AA0414,Cervus canadensis,Elk,3.0,250-750,113-340,forelimb,middle,rad-uln,left,Homo sapiens,HSAnv,5,False,1829.47265625,2324.9796549479165,90.41270446777344,13.74167537689209,10.371254920959473
MN13AA0508,Cervus canadensis,Elk,3.0,250-750,113-340,forelimb,proximal,hum,right,Homo sapiens,HSAnv,4,False,1894.748046875,2096.048828125,49.55243682861328,23.65445327758789,13.358663558959961
MN13AA0606,Cervus canadensis,Elk,3.0,250-750,113-340,hindlimb,proximal,fem,left,Homo sapiens,HSAnv,7,True,2377.614990234375,4176.59765625,60.913429260253906,21.358417510986328,9.040321350097656
MN13AA0608,Cervus canadensis,Elk,3.0,250-750,113-340,hindlimb,proximal,fem,left,Homo sapiens,HSAnv,5,True,1681.3145751953125,2713.4796549479165,41.87421417236328,18.64899063110352,13.4349365234375
MN13AA0704,Cervus canadensis,Elk,3.0,250-750,113-340,forelimb,proximal,hum,right,Homo sapiens,HSAnv,6,False,3385.144287109375,5573.438802083332,66.57684326171875,34.66529083251953,18.665084838867188
MN13AA0705,Cervus canadensis,Elk,3.0,250-750,113-340,forelimb,proximal,hum,right,Homo sapiens,HSAnv,6,False,3734.25439453125,5959.755208333332,85.5379638671875,25.96031951904297,9.62257194519043
MN13AA0707,Cervus canadensis,Elk,3.0,250-750,113-340,forelimb,proximal,hum,right,Homo sapiens,HSAnv,4,False,2192.422119140625,3433.8134765625,43.93411636352539,29.94043731689453,12.84321403503418
MN13AA0708,Cervus canadensis,Elk,3.0,250-750,113-340,forelimb,proximal,hum,right,Homo sapiens,HSAnv,6,True,1713.71630859375,1867.29541015625,54.253211975097656,21.54476928710937,6.631667137145996
MN13AA0709,Cervus canadensis,Elk,3.0,250-750,113-340,forelimb,proximal,hum,right,Homo sapiens,HSAnv,4,True,1209.2017822265625,1192.1598307291667,47.92339324951172,18.061267852783203,6.0593605041503915
MN13AA0710,Cervus canadensis,Elk,3.0,250-750,113-340,forelimb,proximal,hum,right,Homo sapiens,HSAnv,4,False,1064.4351806640623,1112.0802408854167,36.70997619628906,18.96086311340332,5.482552528381348
MN13AA0712,Cervus canadensis,Elk,3.0,250-750,113-340,forelimb,proximal,hum,right,Homo sapiens,HSAnv,4,False,906.9390258789062,879.464111328125,40.16240310668945,14.453462600708008,5.171774864196777
MN13AA0803,Cervus canadensis,Elk,3.0,250-750,113-340,hindlimb,proximal,fem,right,Homo sapiens,HSAnv,8,False,9628.9990234375,21295.561197916668,123.17692565917969,34.41193389892578,24.95999526977539
MN13AA0804,Cervus canadensis,Elk,3.0,250-750,113-340,hindlimb,proximal,fem,right,Homo sapiens,HSAnv,10,False,13580.1025390625,30543.15625,179.10690307617188,33.17028045654297,22.97926902770996
MN13AA0805,Cervus canadensis,Elk,3.0,250-750,113-340,hindlimb,proximal,fem,right,Homo sapiens,HSAnv,4,True,4784.248046875,8960.083984375,87.84609985351562,37.14741134643555,12.32512664794922
MN13AA0904,Cervus canadensis,Elk,3.0,250-750,113-340,hindlimb,middle,tib,right,Homo sapiens,HSAnv,7,True,15414.4814453125,33707.268229166664,214.49411010742188,32.453617095947266,25.62592697143555
MN13AA0907,Cervus canadensis,Elk,3.0,250-750,113-340,hindlimb,middle,tib,right,Homo sapiens,HSAnv,12,True,12895.5673828125,23961.265625,151.44219970703125,38.86798095703125,32.32343292236328
MN13AA0909,Cervus canadensis,Elk,3.0,250-750,113-340,hindlimb,middle,tib,right,Homo sapiens,HSAnv,7,False,3708.2958984375,7023.263020833332,92.48451232910156,22.76828384399414,15.75594425201416
MN13AA0911,Cervus canadensis,Elk,3.0,250-750,113-340,hindlimb,middle,tib,right,Homo sapiens,HSAnv,2,False,1060.7239990234377,1060.802734375,57.595703125,12.783770561218262,6.796692848205566
MN13AA1011,Cervus canadensis,Elk,3.0,250-750,113-340,hindlimb,middle,tib,right,Homo sapiens,HSAnv,8,False,5169.560546875,13078.00390625,86.41496276855469,32.238624572753906,21.20608711242676
MN13AA1018,Cervus canadensis,Elk,3.0,250-750,113-340,hindlimb,middle,tib,right,Homo sapiens,HSAnv,3,False,1025.691650390625,1457.915201822917,41.18781280517578,16.376276016235348,8.397160530090332
MN13AA1019,Cervus canadensis,Elk,3.0,250-750,113-340,hindlimb,middle,tib,right,Homo sapiens,HSAnv,5,False,1064.4144287109377,1613.136067708333,36.75572967529297,17.484256744384766,7.600442409515381
MN13AA1307,Cervus canadensis,Elk,3.0,250-750,113-340,forelimb,middle,rad-uln,right,Homo sapiens,HSAnv,8,False,3574.655029296875,6269.670572916668,88.28623962402344,22.688411712646484,12.491933822631836
MN13AA1309,Cervus canadensis,Elk,3.0,250-750,113-340,forelimb,middle,rad-uln,right,Homo sapiens,HSAnv,6,False,3418.716796875,5850.286458333332,100.4998016357422,21.930110931396484,10.633689880371094
MN13AA1311,Cervus canadensis,Elk,3.0,250-750,113-340,forelimb,middle,rad-uln,right,Homo sapiens,HSAnv,12,False,4123.53271484375,5375.556640625,97.03632354736328,25.842945098876953,7.5391082763671875
MN13AA1314,Cervus canadensis,Elk,3.0,250-750,113-340,forelimb,middle,rad-uln,right,Homo sapiens,HSAnv,9,False,7679.384765625,16453.143229166668,149.73858642578125,29.041431427001953,17.414520263671875
MN13AA1407,Cervus canadensis,Elk,3.0,250-750,113-340,hindlimb,proximal,fem,right,Homo sapiens,HSAnv,7,True,11353.380859375,23293.140625,137.98977661132812,39.932518005371094,27.812702178955078
MN13AA1409,Cervus canadensis,Elk,3.0,250-750,113-340,hindlimb,proximal,fem,right,Homo sapiens,HSAnv,5,True,5652.3125,11424.51953125,115.75749206542969,24.243099212646484,18.984294891357425
MN13AA1411,Cervus canadensis,Elk,3.0,250-750,113-340,hindlimb,proximal,fem,right,Homo sapiens,HSAnv,5,True,3173.091064453125,5165.12109375,85.17420959472656,29.438819885253906,11.97451400756836
MN13AA1412,Cervus canadensis,Elk,3.0,250-750,113-340,hindlimb,proximal,fem,right,Homo sapiens,HSAnv,6,False,3693.5791015625,6531.305338541668,74.13034057617188,31.29473114013672,15.461721420288086
MN13AA1413,Cervus canadensis,Elk,3.0,250-750,113-340,hindlimb,proximal,fem,right,Homo sapiens,HSAnv,6,True,3246.45654296875,5512.203776041668,71.76031494140625,25.54595184326172,13.80874252319336
MN13AA1414,Cervus canadensis,Elk,3.0,250-750,113-340,hindlimb,proximal,fem,right,Homo sapiens,HSAnv,6,True,2738.173095703125,4687.779947916667,70.61190795898438,22.80331802368164,12.375917434692385
MN13AA1415,Cervus canadensis,Elk,3.0,250-750,113-340,hindlimb,proximal,fem,right,Homo sapiens,HSAnv,8,True,2358.782470703125,3155.303385416666,53.16703796386719,23.730674743652344,15.48200798034668
MN13AA1416,Cervus canadensis,Elk,3.0,250-750,113-340,hindlimb,proximal,fem,right,Homo sapiens,HSAnv,4,False,1231.4512939453125,1594.043294270833,51.0445785522461,16.352664947509766,6.754086971282959
MN13AA1425,Cervus canadensis,Elk,3.0,250-750,113-340,hindlimb,proximal,fem,right,Homo sapiens,HSAnv,4,True,1208.3040771484375,1537.537434895833,36.20387268066406,16.246088027954098,14.905721664428713
MN13AA1428,Cervus canadensis,Elk,3.0,250-750,113-340,hindlimb,proximal,fem,right,Homo sapiens,HSAnv,4,True,1533.9661865234375,2197.23681640625,41.18946075439453,26.104217529296875,7.7987098693847665
MN13AA1504,Cervus canadensis,Elk,3.0,250-750,113-340,hindlimb,middle,tib,right,Homo sapiens,HSAnv,9,False,16412.837890625,40948.76822916666,175.322265625,34.59180450439453,27.93510818481445
MN13AA1505,Cervus canadensis,Elk,3.0,250-750,113-340,hindlimb,middle,tib,right,Homo sapiens,HSAnv,11,True,12784.513671875,29595.71354166667,171.28103637695312,33.51542282104492,28.72466278076172
MN13AA1506,Cervus canadensis,Elk,3.0,250-750,113-340,hindlimb,middle,tib,right,Homo sapiens,HSAnv,4,False,2845.60888671875,4954.440755208333,59.46708679199219,28.82807540893555,12.916994094848633
MN13AA1507,Cervus canadensis,Elk,3.0,250-750,113-340,hindlimb,middle,tib,right,Homo sapiens,HSAnv,6,True,2594.335693359375,4433.299153645833,56.86565017700195,23.76899337768555,11.754264831542967
MN13AA1605,Cervus canadensis,Elk,3.0,250-750,113-340,hindlimb,distal,mttar,right,Homo sapiens,HSAnv,8,False,8571.107421875,20645.49739583333,128.0224609375,25.87589263916016,19.84844207763672
MN13AA1612,Cervus canadensis,Elk,3.0,250-750,113-340,hindlimb,distal,mttar,right,Homo sapiens,HSAnv,5,False,938.01025390625,1492.690592447917,30.509754180908203,17.787824630737305,9.780801773071287
MN14AA0109,Cervus canadensis,Elk,3.0,250-750,113-340,hindlimb,middle,tib,,Homo sapiens,HSAnv,6,False,1552.652587890625,2828.571614583333,43.53981018066406,18.958961486816406,8.541231155395508
MN14AA0110,Cervus canadensis,Elk,3.0,250-750,113-340,hindlimb,middle,tib,,Homo sapiens,HSAnv,5,False,1490.639404296875,1916.17626953125,67.25473022460939,14.543692588806152,8.79396915435791
MN14AA0112,Cervus canadensis,Elk,3.0,250-750,113-340,hindlimb,middle,tib,,Homo sapiens,HSAnv,7,False,2456.386474609375,4504.839192708333,56.97624206542969,21.88339614868164,14.376642227172852
MN14AA0114,Cervus canadensis,Elk,3.0,250-750,113-340,hindlimb,middle,tib,,Homo sapiens,HSAnv,3,False,907.4459228515624,1145.9783528645833,37.008689880371094,15.04644775390625,7.010632514953612
MN14AA0115,Cervus canadensis,Elk,3.0,250-750,113-340,hindlimb,middle,tib,,Homo sapiens,HSAnv,3,False,1543.17041015625,2500.1012369791665,48.47576141357422,20.639137268066406,9.26095962524414
MN14AA0116,Cervus canadensis,Elk,3.0,250-750,113-340,hindlimb,middle,tib,,Homo sapiens,HSAnv,5,False,1456.672119140625,2592.4176432291665,46.115150451660156,18.549118041992188,7.6693763732910165
MN14AA0118,Cervus canadensis,Elk,3.0,250-750,113-340,hindlimb,middle,tib,,Homo sapiens,HSAnv,5,False,824.6240234375,1050.1368815104167,35.700958251953125,13.41713809967041,6.941603183746338
MN14AA0203,Cervus canadensis,Elk,3.0,250-750,113-340,hindlimb,proximal,fem,left,Homo sapiens,HSAnv,6,True,7989.4443359375,16603.782552083332,119.17491149902344,38.04484558105469,15.373458862304688
MN14AA0204,Cervus canadensis,Elk,3.0,250-750,113-340,hindlimb,proximal,fem,left,Homo sapiens,HSAnv,4,False,6986.705078125,12351.50390625,100.54103088378906,37.58583068847656,17.83771514892578
MN14AA0205,Cervus canadensis,Elk,3.0,250-750,113-340,hindlimb,proximal,fem,left,Homo sapiens,HSAnv,11,False,4054.0634765625,6679.671875,92.30265808105469,27.698749542236328,17.158803939819336
MN14AA0206,Cervus canadensis,Elk,3.0,250-750,113-340,hindlimb,proximal,fem,left,Homo sapiens,HSAnv,4,True,1690.00634765625,2470.5665690104165,49.67375183105469,19.32382583618164,8.733761787414549
MN14AA0207,Cervus canadensis,Elk,3.0,250-750,113-340,hindlimb,proximal,fem,left,Homo sapiens,HSAnv,4,True,1894.0634765625,2226.80712890625,38.31607055664063,30.22299385070801,8.939302444458008
MN14AA0208,Cervus canadensis,Elk,3.0,250-750,113-340,hindlimb,proximal,fem,left,Homo sapiens,HSAnv,3,False,1304.4464111328125,1553.978352864583,53.06592559814453,18.63949966430664,6.826487064361572
MN14AA0209,Cervus canadensis,Elk,3.0,250-750,113-340,hindlimb,proximal,fem,left,Homo sapiens,HSAnv,3,False,1167.845703125,1395.393229166667,43.764015197753906,15.845148086547852,9.364788055419922
MN14AA0304,Cervus canadensis,Elk,3.0,250-750,113-340,hindlimb,middle,tib,left,Homo sapiens,HSAnv,7,False,5734.47412109375,10345.34375,122.13834381103516,28.575439453125,16.050199508666992
MN14AA0306,Cervus canadensis,Elk,3.0,250-750,113-340,hindlimb,middle,tib,left,Homo sapiens,HSAnv,12,False,10489.423828125,19233.43880208333,123.20484924316406,30.09722900390625,27.791149139404297
MN14AA0310,Cervus canadensis,Elk,3.0,250-750,113-340,hindlimb,middle,tib,left,Homo sapiens,HSAnv,8,False,2430.451416015625,3686.112630208334,65.52967071533203,21.83556365966797,8.707014083862305
MN14AA0311,Cervus canadensis,Elk,3.0,250-750,113-340,hindlimb,middle,tib,left,Homo sapiens,HSAnv,3,False,1918.8909912109373,2815.969075520833,58.63916778564453,20.38300323486328,11.924615859985352
MN14AA0312,Cervus canadensis,Elk,3.0,250-750,113-340,hindlimb,middle,tib,left,Homo sapiens,HSAnv,5,True,1710.5076904296875,2437.03857421875,37.51936340332031,23.10647010803223,14.247232437133787
MN14AA0313,Cervus canadensis,Elk,3.0,250-750,113-340,hindlimb,middle,tib,left,Homo sapiens,HSAnv,3,False,1221.342529296875,1567.46240234375,49.682518005371094,16.712411880493164,5.305488586425781
MN14AA0314,Cervus canadensis,Elk,3.0,250-750,113-340,hindlimb,middle,tib,left,Homo sapiens,HSAnv,6,True,1229.6309814453125,1328.75927734375,46.66268920898438,18.182540893554688,6.927261829376222
MN14AA0317,Cervus canadensis,Elk,3.0,250-750,113-340,hindlimb,middle,tib,left,Homo sapiens,HSAnv,4,False,1139.356689453125,1484.533365885417,48.10620880126953,15.276603698730467,7.643770694732666
MN14AA0405,Cervus canadensis,Elk,3.0,250-750,113-340,forelimb,middle,rad-uln,right,Homo sapiens,HSAnv,12,True,15393.060546875,30440.88802083333,148.17294311523438,34.07135009765625,23.42672348022461
MN14AA0406,Cervus canadensis,Elk,3.0,250-750,113-340,forelimb,middle,rad-uln,right,Homo sapiens,HSAnv,6,False,1986.9154052734373,3237.4697265625,79.62750244140625,12.129923820495605,8.338750839233397
MN14AA0407,Cervus canadensis,Elk,3.0,250-750,113-340,forelimb,middle,rad-uln,right,Homo sapiens,HSAnv,5,False,2237.310791015625,2904.371744791666,76.28752136230469,15.48199462890625,5.1693763732910165
MN14AA0408,Cervus canadensis,Elk,3.0,250-750,113-340,forelimb,middle,rad-uln,right,Homo sapiens,HSAnv,7,True,3403.970947265625,7630.45703125,75.29876708984375,22.332365036010746,10.858577728271484
MN14AA0501,Cervus canadensis,Elk,3.0,250-750,113-340,hindlimb,middle,tib,left,Homo sapiens,HSAnv,5,True,8024.6455078125,15774.78515625,104.6058349609375,29.971046447753906,31.029720306396484
MN14AA0506,Cervus canadensis,Elk,3.0,250-750,113-340,hindlimb,middle,tib,left,Homo sapiens,HSAnv,8,False,16154.591796875,44918.40625,178.4708251953125,40.74514770507813,38.76103210449219
MN14AA0507,Cervus canadensis,Elk,3.0,250-750,113-340,hindlimb,middle,tib,left,Homo sapiens,HSAnv,6,False,6310.81982421875,14570.34375,106.24308776855469,34.82533645629883,19.10637092590332
MN14AA0508,Cervus canadensis,Elk,3.0,250-750,113-340,hindlimb,middle,tib,left,Homo sapiens,HSAnv,6,False,3938.561767578125,8325.662109375,93.0242156982422,22.23998260498047,14.91537094116211
MN14AA0509,Cervus canadensis,Elk,3.0,250-750,113-340,hindlimb,middle,tib,left,Homo sapiens,HSAnv,7,False,7161.70654296875,17922.09375,96.89634704589844,34.30219268798828,25.604087829589844
MN14AA0510,Cervus canadensis,Elk,3.0,250-750,113-340,hindlimb,middle,tib,left,Homo sapiens,HSAnv,9,False,5690.11328125,10197.59765625,112.36322784423828,32.571277618408196,12.52273941040039
MN14AA0511,Cervus canadensis,Elk,3.0,250-750,113-340,hindlimb,middle,tib,left,Homo sapiens,HSAnv,8,False,4794.52587890625,11737.171875,98.22323608398438,28.41771697998047,15.926965713500975
MN14AA0513,Cervus canadensis,Elk,3.0,250-750,113-340,hindlimb,middle,tib,left,Homo sapiens,HSAnv,5,False,2608.76171875,4930.816080729167,61.13957977294922,26.11297607421875,8.559665679931639
MN14AA0514,Cervus canadensis,Elk,3.0,250-750,113-340,hindlimb,middle,tib,left,Homo sapiens,HSAnv,8,False,1331.341552734375,2172.347005208333,47.30512237548828,19.354679107666016,9.570913314819336
MN14AA0607,Cervus canadensis,Elk,3.0,250-750,113-340,hindlimb,middle,tib,left,Homo sapiens,HSAnv,9,False,9290.8408203125,19249.52083333333,165.82699584960938,31.86696052551269,19.624935150146484
MN14AA0608,Cervus canadensis,Elk,3.0,250-750,113-340,hindlimb,middle,tib,left,Homo sapiens,HSAnv,11,True,9854.1865234375,23925.34375,150.78305053710938,37.28102493286133,21.70233154296875
MN14AA0609,Cervus canadensis,Elk,3.0,250-750,113-340,hindlimb,middle,tib,left,Homo sapiens,HSAnv,4,False,4267.43798828125,8791.496744791666,92.27745056152344,23.42754173278809,12.289488792419435
MN14AA0610,Cervus canadensis,Elk,3.0,250-750,113-340,hindlimb,middle,tib,left,Homo sapiens,HSAnv,3,False,1710.770263671875,2268.2140299479165,58.810813903808594,15.77822208404541,8.514755249023438
MN14AA0611,Cervus canadensis,Elk,3.0,250-750,113-340,hindlimb,middle,tib,left,Homo sapiens,HSAnv,4,False,1945.6041259765625,3019.69140625,69.88407897949219,14.138826370239258,9.022466659545898
MN15010403,Cervus canadensis,Elk,3.0,250-750,113-340,forelimb,middle,rad-uln,left,Homo sapiens,HSAnv,3,False,4761.732421875,7984.272786458332,125.74252319335938,22.244407653808594,11.877450942993164
MN15010405,Cervus canadensis,Elk,3.0,250-750,113-340,forelimb,middle,rad-uln,left,Homo sapiens,HSAnv,8,False,1719.583740234375,2354.3972981770835,70.15660095214844,13.749534606933596,8.233860015869139
MN15AA2402,Cervus canadensis,Elk,3.0,250-750,113-340,forelimb,proximal,hum,right,Crocuta crocuta,teeth,8,False,4718.43212890625,9811.611328125,61.08869552612305,34.313034057617195,27.989147186279297
MN15AA2403,Cervus canadensis,Elk,3.0,250-750,113-340,forelimb,proximal,hum,right,Crocuta crocuta,teeth,8,False,3674.677490234375,6262.063151041668,57.59488296508789,32.24401092529297,14.59249496459961
MN15AA2405,Cervus canadensis,Elk,3.0,250-750,113-340,forelimb,proximal,hum,right,Crocuta crocuta,teeth,7,True,2382.627685546875,3234.003580729166,72.16946411132812,18.7966251373291,11.643960952758787
MN15AA2406,Cervus canadensis,Elk,3.0,250-750,113-340,forelimb,proximal,hum,right,Crocuta crocuta,teeth,5,False,1538.0506591796875,2264.53857421875,39.80870819091797,24.48205375671387,7.351655006408691
MN15AA2407,Cervus canadensis,Elk,3.0,250-750,113-340,forelimb,proximal,hum,right,Crocuta crocuta,teeth,6,False,961.0426025390624,1129.3690592447915,38.86915588378906,11.562983512878418,7.35174036026001
MN15AA2408,Cervus canadensis,Elk,3.0,250-750,113-340,forelimb,proximal,hum,right,Crocuta crocuta,teeth,6,True,994.298583984375,1075.9619954427085,33.700164794921875,16.18301010131836,7.5784912109375
MN15AA2502,Cervus canadensis,Elk,3.0,250-750,113-340,forelimb,proximal,hum,right,Crocuta crocuta,teeth,11,True,7574.5849609375,14102.2734375,108.7919692993164,33.37439346313477,27.649639129638672
MN15AA2504,Cervus canadensis,Elk,3.0,250-750,113-340,forelimb,proximal,hum,right,Crocuta crocuta,teeth,6,False,1033.9671630859377,1227.8331705729167,47.98396682739258,15.81046199798584,6.595349788665772
MN15AA2505,Cervus canadensis,Elk,3.0,250-750,113-340,forelimb,proximal,hum,right,Crocuta crocuta,teeth,7,True,3683.6669921875,7141.218098958332,73.17025756835938,28.45570373535156,16.10125732421875
MN15AA2506,Cervus canadensis,Elk,3.0,250-750,113-340,forelimb,proximal,hum,right,Crocuta crocuta,teeth,11,True,6869.3740234375,13360.81640625,92.87300872802734,40.06500244140625,25.41444396972656
MN15AA2702,Cervus canadensis,Elk,3.0,250-750,113-340,forelimb,proximal,hum,right,Crocuta crocuta,teeth,9,True,5507.169921875,13573.063802083336,91.53108215332031,33.472057342529304,16.920257568359375
MN15AA2703,Cervus canadensis,Elk,3.0,250-750,113-340,forelimb,proximal,hum,right,Crocuta crocuta,teeth,12,True,5081.919921875,9254.354817708334,82.78030395507812,29.498332977294922,17.88855743408203
MN15AA2704,Cervus canadensis,Elk,3.0,250-750,113-340,forelimb,proximal,hum,right,Crocuta crocuta,teeth,8,True,4189.04931640625,7712.490234375,65.68804931640625,29.6235466003418,16.34874153137207
MN15AA2705,Cervus canadensis,Elk,3.0,250-750,113-340,forelimb,proximal,hum,right,Crocuta crocuta,teeth,7,True,2295.287353515625,4074.7109375,41.73208618164063,31.69961357116699,13.277976036071776
MN15AA2706,Cervus canadensis,Elk,3.0,250-750,113-340,forelimb,proximal,hum,right,Crocuta crocuta,teeth,10,False,2286.361083984375,3987.634765625,47.76084899902344,22.87629699707031,14.73084831237793
MN15AA2707,Cervus canadensis,Elk,3.0,250-750,113-340,forelimb,proximal,hum,right,Crocuta crocuta,teeth,6,True,1790.0706787109375,2702.197265625,34.45590591430664,28.43862342834473,11.598209381103516
MN15AA2708,Cervus canadensis,Elk,3.0,250-750,113-340,forelimb,proximal,hum,right,Crocuta crocuta,teeth,8,False,1350.4393310546875,2039.923502604167,35.70020294189453,21.671375274658203,9.67939567565918
MN15AA2709,Cervus canadensis,Elk,3.0,250-750,113-340,forelimb,proximal,hum,right,Crocuta crocuta,teeth,6,False,1361.1961669921875,1930.572916666667,39.18822860717773,23.0328369140625,7.6562843322753915
MN15AA2802,Cervus canadensis,Elk,3.0,250-750,113-340,forelimb,proximal,hum,left,Crocuta crocuta,teeth,18,True,10349.8671875,26188.83333333333,111.50509643554688,39.24571990966797,26.225622177124023
MN15AA2803,Cervus canadensis,Elk,3.0,250-750,113-340,forelimb,proximal,hum,left,Crocuta crocuta,teeth,15,True,3879.16015625,7810.677734375,77.7107162475586,31.88467788696289,15.601480484008787
MN15AA2804,Cervus canadensis,Elk,3.0,250-750,113-340,forelimb,proximal,hum,left,Crocuta crocuta,teeth,7,False,1628.265869140625,2930.680989583333,45.9747314453125,19.93885040283203,11.208134651184082
MN15AA2902,Cervus canadensis,Elk,3.0,250-750,113-340,forelimb,proximal,hum,right,Crocuta crocuta,teeth,7,False,1280.4903564453125,2244.97998046875,33.533287048339844,19.531326293945312,9.081499099731444
MN15AA2903,Cervus canadensis,Elk,3.0,250-750,113-340,forelimb,proximal,hum,right,Crocuta crocuta,teeth,6,False,886.3217163085938,1324.7245279947915,28.99736022949219,19.66781234741211,8.037179946899414
MN15AA3203,Cervus canadensis,Elk,3.0,250-750,113-340,forelimb,other,other,,Crocuta crocuta,teeth,9,True,4807.32177734375,9031.763671875,60.97509002685547,32.026729583740234,19.110483169555664
MN15AA3302,Cervus canadensis,Elk,3.0,250-750,113-340,forelimb,proximal,hum,left,Crocuta crocuta,teeth,24,True,15217.9892578125,11490.209635416664,105.77696228027344,29.89961051940918,20.501972198486328
MN15AA3303,Cervus canadensis,Elk,3.0,250-750,113-340,forelimb,proximal,hum,left,Crocuta crocuta,teeth,13,True,3750.414794921875,5819.67578125,81.57723999023438,29.87648582458496,11.074681282043457
MN15AA3305,Cervus canadensis,Elk,3.0,250-750,113-340,forelimb,proximal,hum,left,Crocuta crocuta,teeth,4,True,1510.470458984375,2199.579427083333,51.919212341308594,15.76716423034668,9.527544021606444
MN15AA3311,Cervus canadensis,Elk,3.0,250-750,113-340,forelimb,proximal,hum,left,Crocuta crocuta,teeth,6,True,4708.80322265625,6693.9921875,113.724365234375,24.45656967163086,17.87158203125
MN15AA3401,Cervus canadensis,Elk,3.0,250-750,113-340,hindlimb,middle,tib,right,Crocuta crocuta,teeth,14,False,10638.689453125,23769.0859375,185.05026245117188,31.84278678894043,20.20011329650879
MN15AA3403,Cervus canadensis,Elk,3.0,250-750,113-340,hindlimb,middle,tib,right,Crocuta crocuta,teeth,15,False,9042.4638671875,21331.31640625,137.30252075195312,27.874309539794922,18.13363075256348
MN15AA3408,Cervus canadensis,Elk,3.0,250-750,113-340,hindlimb,middle,tib,right,Crocuta crocuta,teeth,11,True,5211.4384765625,9685.999348958334,87.4312973022461,35.516056060791016,14.746448516845705
MN15AA3409,Cervus canadensis,Elk,3.0,250-750,113-340,hindlimb,middle,tib,right,Crocuta crocuta,teeth,10,False,3954.40869140625,7878.546875,81.30597686767578,26.15650177001953,12.66223430633545
MN15AA3410,Cervus canadensis,Elk,3.0,250-750,113-340,hindlimb,middle,tib,right,Crocuta crocuta,teeth,7,True,3792.516845703125,4552.254231770833,72.83680725097656,26.397111892700195,16.723783493041992
MN15AA3411,Cervus canadensis,Elk,3.0,250-750,113-340,hindlimb,middle,tib,right,Crocuta crocuta,teeth,3,True,3502.546142578125,5215.430013020833,81.12437438964844,25.47843170166016,11.777021408081055
MN15AA3412,Cervus canadensis,Elk,3.0,250-750,113-340,hindlimb,middle,tib,right,Crocuta crocuta,teeth,8,False,3638.902587890625,7121.501953125,83.09442138671875,28.713306427001953,16.137371063232422
MN15AA3413,Cervus canadensis,Elk,3.0,250-750,113-340,hindlimb,middle,tib,right,Crocuta crocuta,teeth,9,False,3311.068359375,5650.716145833332,80.88352966308594,21.923908233642575,11.097412109375
MN15AA3414,Cervus canadensis,Elk,3.0,250-750,113-340,hindlimb,middle,tib,right,Crocuta crocuta,teeth,9,False,2476.759765625,4525.87109375,61.03479766845703,21.56250762939453,14.17525863647461
MN15AA3415,Cervus canadensis,Elk,3.0,250-750,113-340,hindlimb,middle,tib,right,Crocuta crocuta,teeth,9,False,2248.424560546875,3205.521484375,67.70025634765625,19.668405532836914,8.245671272277832
MN15AA3416,Cervus canadensis,Elk,3.0,250-750,113-340,hindlimb,middle,tib,right,Crocuta crocuta,teeth,6,False,2233.8798828125,3952.763020833334,48.24021530151367,22.20918273925781,11.636409759521484
MN18030703,Cervus canadensis,Elk,3.0,250-750,113-340,forelimb,proximal,hum,left,Homo sapiens,HSAnv,4,True,3568.859130859375,5744.748697916668,88.14681243896484,26.651641845703125,11.277740478515625
MN18030705,Cervus canadensis,Elk,3.0,250-750,113-340,forelimb,proximal,hum,left,Homo sapiens,HSAnv,10,True,3548.449462890625,7220.630208333332,65.22384643554689,30.95174598693848,15.819636344909668
MN18030708,Cervus canadensis,Elk,3.0,250-750,113-340,forelimb,proximal,hum,left,Homo sapiens,HSAnv,5,False,1537.37646484375,2424.8211263020835,44.11935424804688,19.62114715576172,9.085857391357422
MN18050302,Cervus canadensis,Elk,3.0,250-750,113-340,forelimb,middle,rad-uln,left,Crocuta crocuta,teeth,20,True,11754.2216796875,27516.5625,175.87937927246094,27.892322540283203,28.67709350585937
MN18050305,Cervus canadensis,Elk,3.0,250-750,113-340,forelimb,middle,rad-uln,left,Crocuta crocuta,teeth,6,False,4855.0673828125,7622.291015625,99.7081298828125,26.0195426940918,15.196218490600586
MN18050306,Cervus canadensis,Elk,3.0,250-750,113-340,forelimb,middle,rad-uln,left,Crocuta crocuta,teeth,7,True,3068.70068359375,4024.676106770834,68.09052276611328,27.38855361938477,9.748079299926758
MN18050308,Cervus canadensis,Elk,3.0,250-750,113-340,forelimb,middle,rad-uln,left,Crocuta crocuta,teeth,8,False,2606.59814453125,4189.221354166667,75.42413330078125,20.476900100708008,14.938629150390625
MN18050309,Cervus canadensis,Elk,3.0,250-750,113-340,forelimb,middle,rad-uln,left,Crocuta crocuta,teeth,7,True,1733.1102294921875,1511.556477864583,49.12730407714844,20.24981689453125,7.998329162597656
MN18050310,Cervus canadensis,Elk,3.0,250-750,113-340,forelimb,middle,rad-uln,left,Crocuta crocuta,teeth,6,False,2133.010009765625,3441.717447916666,63.98117065429688,21.677886962890625,9.379642486572266
MN18050311,Cervus canadensis,Elk,3.0,250-750,113-340,forelimb,middle,rad-uln,left,Crocuta crocuta,teeth,7,False,2658.323974609375,5133.011067708333,69.04080200195311,21.138500213623047,13.477424621582033
MN18050312,Cervus canadensis,Elk,3.0,250-750,113-340,forelimb,middle,rad-uln,left,Crocuta crocuta,teeth,4,False,1607.4842529296875,1992.39892578125,44.60462188720703,25.22212219238281,5.951456069946289
MN18050313,Cervus canadensis,Elk,3.0,250-750,113-340,forelimb,middle,rad-uln,left,Crocuta crocuta,teeth,7,False,1439.4957275390625,1903.277669270833,58.42665100097656,18.475318908691406,6.299014568328857
MN18050314,Cervus canadensis,Elk,3.0,250-750,113-340,forelimb,middle,rad-uln,left,Crocuta crocuta,teeth,4,False,1313.8331298828125,1737.76953125,60.42563247680664,12.028740882873535,6.695828437805176
MN18050316,Cervus canadensis,Elk,3.0,250-750,113-340,forelimb,middle,rad-uln,left,Crocuta crocuta,teeth,8,False,1786.2069091796875,2236.1915690104165,65.78304290771484,14.740213394165039,9.487926483154297
MN18050317,Cervus canadensis,Elk,3.0,250-750,113-340,forelimb,middle,rad-uln,left,Crocuta crocuta,teeth,7,False,1969.3988037109373,2882.990559895833,63.58177185058594,17.824920654296875,11.668944358825685
MN18050318,Cervus canadensis,Elk,3.0,250-750,113-340,forelimb,middle,rad-uln,left,Crocuta crocuta,teeth,5,False,1881.02685546875,2663.3388671875,58.91272735595703,15.387590408325195,13.044795989990234
MN19050201,Odocoileus virginianus,Deer,2.0,50-250,23-113,unknown,distal,mtpod,,Crocuta crocuta,teeth,14,False,4376.623046875,8309.163411458334,116.26502990722656,19.385866165161133,12.340543746948242
MN19050202,Odocoileus virginianus,Deer,2.0,50-250,23-113,unknown,distal,mtpod,,Crocuta crocuta,teeth,12,False,3993.631591796875,6771.032552083332,101.47889709472656,18.373430252075195,13.19982624053955
MN19050205,Odocoileus virginianus,Deer,2.0,50-250,23-113,unknown,distal,mtpod,,Crocuta crocuta,teeth,12,False,3757.2724609375,5205.2900390625,111.40766143798828,17.6807804107666,10.010205268859863
MN19050206,Odocoileus virginianus,Deer,2.0,50-250,23-113,unknown,distal,mtpod,,Crocuta crocuta,teeth,5,False,3914.5732421875,6433.835286458332,104.4426040649414,18.121566772460934,9.907630920410156
MN19050207,Odocoileus virginianus,Deer,2.0,50-250,23-113,unknown,distal,mtpod,,Crocuta crocuta,teeth,11,False,4271.79736328125,6273.958333333332,101.92350769042969,20.485248565673828,11.88507080078125
MN19050208,Odocoileus virginianus,Deer,2.0,50-250,23-113,unknown,distal,mtpod,,Crocuta crocuta,teeth,14,False,4078.46337890625,6527.655598958332,87.68904113769531,19.293018341064453,15.521188735961914
MN19050209,Odocoileus virginianus,Deer,2.0,50-250,23-113,unknown,distal,mtpod,,Crocuta crocuta,teeth,11,False,3941.01806640625,6350.923828125,84.48773956298828,24.532941818237305,11.472702980041506
MN19050210,Odocoileus virginianus,Deer,2.0,50-250,23-113,unknown,distal,mtpod,,Crocuta crocuta,teeth,6,False,4224.48779296875,7105.768880208332,82.99600219726562,18.327415466308594,15.470109939575195
MN19050211,Odocoileus virginianus,Deer,2.0,50-250,23-113,unknown,distal,mtpod,,Crocuta crocuta,teeth,6,False,2931.75244140625,4630.983723958333,84.04216766357422,19.13652229309082,11.919218063354492
MN19050212,Odocoileus virginianus,Deer,2.0,50-250,23-113,unknown,distal,mtpod,,Crocuta crocuta,teeth,9,False,2400.5009765625,3288.456705729166,78.6006088256836,16.046627044677734,9.770963668823242
MN19050213,Odocoileus virginianus,Deer,2.0,50-250,23-113,unknown,distal,mtpod,,Crocuta crocuta,teeth,10,False,2900.92626953125,4332.3193359375,80.70954895019531,17.71825408935547,9.69589900970459
MN19050214,Odocoileus virginianus,Deer,2.0,50-250,23-113,unknown,distal,mtpod,,Crocuta crocuta,teeth,10,False,3079.250732421875,3960.902669270834,85.55958557128906,18.291954040527344,10.767341613769533
MN19050215,Odocoileus virginianus,Deer,2.0,50-250,23-113,unknown,distal,mtpod,,Crocuta crocuta,teeth,6,False,2543.017333984375,4256.829427083333,76.17605590820312,17.553569793701172,9.609766006469727
MN19050216,Odocoileus virginianus,Deer,2.0,50-250,23-113,unknown,distal,mtpod,,Crocuta crocuta,teeth,11,False,3713.745361328125,6946.380208333332,71.47308349609375,19.62103271484375,14.694310188293455
MN19050217,Odocoileus virginianus,Deer,2.0,50-250,23-113,unknown,distal,mtpod,,Crocuta crocuta,teeth,7,False,3374.541748046875,5928.850911458332,64.1129150390625,22.734214782714844,15.148808479309082
MN19050218,Odocoileus virginianus,Deer,2.0,50-250,23-113,unknown,distal,mtpod,,Crocuta crocuta,teeth,12,False,3199.380126953125,5561.202473958332,77.49263000488281,18.165515899658203,12.220064163208008
MN19050219,Odocoileus virginianus,Deer,2.0,50-250,23-113,unknown,distal,mtpod,,Crocuta crocuta,teeth,10,False,2598.681640625,4070.583333333334,70.90341186523438,17.707382202148438,10.388455390930176
MN19050220,Odocoileus virginianus,Deer,2.0,50-250,23-113,unknown,distal,mtpod,,Crocuta crocuta,teeth,12,False,2601.874755859375,4405.635416666667,71.96588134765625,18.024322509765625,11.60064697265625
MN19050222,Odocoileus virginianus,Deer,2.0,50-250,23-113,unknown,distal,mtpod,,Crocuta crocuta,teeth,10,False,2175.35400390625,3236.1357421875,72.70027160644531,14.459783554077148,10.502317428588867
MN19050223,Odocoileus virginianus,Deer,2.0,50-250,23-113,unknown,distal,mtpod,,Crocuta crocuta,teeth,8,False,1648.167236328125,2269.6990559895835,73.49960327148438,10.655447006225586,8.100605010986326
MN19050224,Odocoileus virginianus,Deer,2.0,50-250,23-113,unknown,distal,mtpod,,Crocuta crocuta,teeth,8,False,2358.8828125,2980.460286458333,68.42698669433594,16.022214889526367,8.603160858154299
MN19050226,Odocoileus virginianus,Deer,2.0,50-250,23-113,unknown,distal,mtpod,,Crocuta crocuta,teeth,10,False,1911.1134033203125,2669.31689453125,71.54818725585938,18.357511520385746,8.543972015380861
MN19050227,Odocoileus virginianus,Deer,2.0,50-250,23-113,unknown,distal,mtpod,,Crocuta crocuta,teeth,10,False,1966.5230712890625,2948.964192708333,78.45770263671875,16.420225143432614,7.3040218353271475
MN19050228,Odocoileus virginianus,Deer,2.0,50-250,23-113,unknown,distal,mtpod,,Crocuta crocuta,teeth,7,False,2014.755615234375,2801.083333333333,66.30678558349611,15.451570510864258,7.382771492004394
MN19050229,Odocoileus virginianus,Deer,2.0,50-250,23-113,unknown,distal,mtpod,,Crocuta crocuta,teeth,5,False,1600.997802734375,2115.680013020833,71.90516662597656,10.987678527832033,7.413722038269043
MN19050230,Odocoileus virginianus,Deer,2.0,50-250,23-113,unknown,distal,mtpod,,Crocuta crocuta,teeth,7,False,1868.2061767578125,2512.756184895833,79.22472381591797,10.633097648620604,7.829235076904298
MN19050231,Odocoileus virginianus,Deer,2.0,50-250,23-113,unknown,distal,mtpod,,Crocuta crocuta,teeth,6,False,1700.8404541015625,2413.1798502604165,54.04570770263672,14.750837326049805,7.940480709075928
MN19050232,Odocoileus virginianus,Deer,2.0,50-250,23-113,unknown,distal,mtpod,,Crocuta crocuta,teeth,6,False,2051.128173828125,2852.745442708333,77.5955810546875,12.579587936401367,11.098237991333008
MN19050233,Odocoileus virginianus,Deer,2.0,50-250,23-113,unknown,distal,mtpod,,Crocuta crocuta,teeth,10,False,1803.952880859375,2553.36279296875,57.21570205688477,19.149688720703125,11.44019603729248
MN19050234,Odocoileus virginianus,Deer,2.0,50-250,23-113,unknown,distal,mtpod,,Crocuta crocuta,teeth,8,False,1514.3038330078125,1890.940592447917,62.02954864501953,14.14306354522705,6.905691146850586
MN19050235,Odocoileus virginianus,Deer,2.0,50-250,23-113,unknown,distal,mtpod,,Crocuta crocuta,teeth,11,False,1692.5478515625,2588.7928059895835,48.291587829589844,17.456436157226562,9.882476806640623
MN19050237,Odocoileus virginianus,Deer,2.0,50-250,23-113,unknown,distal,mtpod,,Crocuta crocuta,teeth,8,False,1456.65673828125,2026.099609375,53.65232467651367,13.935455322265625,10.776844024658203
MN19050238,Odocoileus virginianus,Deer,2.0,50-250,23-113,unknown,distal,mtpod,,Crocuta crocuta,teeth,5,True,1743.5496826171875,2002.19580078125,48.33773422241211,16.157791137695312,13.071908950805664
MN19050240,Odocoileus virginianus,Deer,2.0,50-250,23-113,unknown,distal,mtpod,,Crocuta crocuta,teeth,7,False,1320.09765625,1808.490885416667,43.610313415527344,17.244251251220707,9.927536010742188
MN19050241,Odocoileus virginianus,Deer,2.0,50-250,23-113,unknown,distal,mtpod,,Crocuta crocuta,teeth,6,False,1382.1378173828125,1995.0458984375,41.26858520507813,16.716564178466793,10.587163925170898
MN19050242,Odocoileus virginianus,Deer,2.0,50-250,23-113,unknown,distal,mtpod,,Crocuta crocuta,teeth,17,False,1473.3592529296875,2394.5651041666665,46.96254348754883,17.587211608886722,11.339742660522461
MN19050243,Odocoileus virginianus,Deer,2.0,50-250,23-113,unknown,distal,mtpod,,Crocuta crocuta,teeth,8,False,1166.0091552734375,1505.9814453125,40.12696838378906,16.256710052490234,8.515583038330076
MN19050244,Odocoileus virginianus,Deer,2.0,50-250,23-113,unknown,distal,mtpod,,Crocuta crocuta,teeth,8,False,1116.94140625,1798.26220703125,37.28452682495117,14.187664031982422,9.19924545288086
MN19050245,Odocoileus virginianus,Deer,2.0,50-250,23-113,unknown,distal,mtpod,,Crocuta crocuta,teeth,5,False,869.6940307617188,949.3924967447915,34.48760223388672,14.293500900268555,6.790289878845215
MN19080801,Odocoileus virginianus,Deer,2.0,50-250,23-113,unknown,distal,mtpod,,Crocuta crocuta,teeth,11,False,3734.8544921875,6118.156901041668,94.0048370361328,17.078914642333984,11.92751693725586
MN19080802,Odocoileus virginianus,Deer,2.0,50-250,23-113,unknown,distal,mtpod,,Crocuta crocuta,teeth,11,False,3737.101806640625,5964.677734375,82.48896789550781,18.533660888671875,12.959074020385742
MN19080803,Odocoileus virginianus,Deer,2.0,50-250,23-113,unknown,distal,mtpod,,Crocuta crocuta,teeth,11,False,2699.080078125,4073.492838541666,79.27024841308594,18.636489868164066,10.014116287231444
MN19080804,Odocoileus virginianus,Deer,2.0,50-250,23-113,unknown,distal,mtpod,,Crocuta crocuta,teeth,7,False,2763.741943359375,4250.540690104167,75.15241241455078,22.39264297485352,10.313636779785156
MN19080805,Odocoileus virginianus,Deer,2.0,50-250,23-113,unknown,distal,mtpod,,Crocuta crocuta,teeth,12,False,2942.3330078125,4968.957356770833,65.59233856201172,17.740406036376953,12.590856552124025
MN19080806,Odocoileus virginianus,Deer,2.0,50-250,23-113,unknown,distal,mtpod,,Crocuta crocuta,teeth,6,False,2574.85986328125,3869.154947916666,75.06143188476562,16.48127555847168,11.143074035644533
MN19080807,Odocoileus virginianus,Deer,2.0,50-250,23-113,unknown,distal,mtpod,,Crocuta crocuta,teeth,10,True,2469.34912109375,2696.54443359375,59.91097640991211,23.808189392089844,8.473713874816895
MN19080808,Odocoileus virginianus,Deer,2.0,50-250,23-113,unknown,distal,mtpod,,Crocuta crocuta,teeth,10,False,2957.58837890625,4975.454427083333,59.906982421875,17.51590347290039,15.387266159057615
MN19080813,Odocoileus virginianus,Deer,2.0,50-250,23-113,unknown,distal,mtpod,,Crocuta crocuta,teeth,8,False,2075.366455078125,3279.578450520833,48.19329452514648,17.68918800354004,12.25238800048828
MN19080814,Odocoileus virginianus,Deer,2.0,50-250,23-113,unknown,distal,mtpod,,Crocuta crocuta,teeth,7,False,1572.3717041015625,2401.46923828125,53.81130981445313,13.22766399383545,11.7837495803833
MN19080817,Odocoileus virginianus,Deer,2.0,50-250,23-113,unknown,distal,mtpod,,Crocuta crocuta,teeth,9,False,1308.7730712890625,1845.2890625,38.13619995117188,18.268308639526367,9.611350059509276
MN19081015,Odocoileus virginianus,Deer,2.0,50-250,23-113,unknown,distal,mtpod,?,Crocuta crocuta,teeth,8,True,2660.23388671875,3302.2646484375,51.83102416992188,25.60124015808105,11.14958953857422
MN19081016,Odocoileus virginianus,Deer,2.0,50-250,23-113,unknown,distal,mtpod,?,Crocuta crocuta,teeth,14,False,1813.9586181640625,2821.349934895833,65.25883483886719,12.147348403930664,7.918398857116699
MN19081018,Odocoileus virginianus,Deer,2.0,50-250,23-113,unknown,distal,mtpod,?,Crocuta crocuta,teeth,9,False,1140.92822265625,1729.579427083333,48.541221618652344,9.744136810302734,7.8408002853393555
MN19081020,Odocoileus virginianus,Deer,2.0,50-250,23-113,unknown,distal,mtpod,?,Crocuta crocuta,teeth,6,False,765.8969116210938,977.8033040364585,34.01095199584961,12.020427703857422,5.848979473114014
MN19081022,Odocoileus virginianus,Deer,2.0,50-250,23-113,unknown,distal,mtpod,,Crocuta crocuta,teeth,5,False,541.594482421875,505.30143229166674,36.17871856689453,8.307706832885742,4.436964988708496
MN19081023,Odocoileus virginianus,Deer,2.0,50-250,23-113,unknown,distal,mtpod,,Crocuta crocuta,teeth,8,False,612.23583984375,650.7156982421875,32.13759613037109,10.976730346679688,5.834752082824707
MN19081024,Odocoileus virginianus,Deer,2.0,50-250,23-113,unknown,distal,mtpod,,Crocuta crocuta,teeth,8,False,703.0916137695312,875.9580078125,31.47661209106445,10.566516876220703,6.8107872009277335
MN19081201,Odocoileus virginianus,Deer,2.0,50-250,23-113,unknown,distal,mtpod,,Crocuta crocuta,teeth,12,False,2771.6376953125,4323.889322916667,67.08291625976561,20.15453338623047,12.495560646057127
MN19081202,Odocoileus virginianus,Deer,2.0,50-250,23-113,unknown,distal,mtpod,,Crocuta crocuta,teeth,13,True,2931.2392578125,4480.408203125,79.88651275634766,20.11150360107422,15.008401870727539
MN19081301,Odocoileus virginianus,Deer,2.0,50-250,23-113,unknown,distal,mtpod,,Crocuta crocuta,teeth,9,False,3478.138671875,5469.239583333333,79.27951049804688,18.04061508178711,12.594550132751465
MN19081302,Odocoileus virginianus,Deer,2.0,50-250,23-113,unknown,distal,mtpod,,Crocuta crocuta,teeth,8,False,2859.623291015625,4288.935221354167,78.11516571044922,20.683292388916016,12.205135345458984
MN19081303,Odocoileus virginianus,Deer,2.0,50-250,23-113,unknown,distal,mtpod,,Crocuta crocuta,teeth,10,False,1987.28271484375,3175.637369791666,54.53224182128906,17.46706771850586,10.73508358001709
MN19081304,Odocoileus virginianus,Deer,2.0,50-250,23-113,unknown,distal,mtpod,,Crocuta crocuta,teeth,10,False,1880.220703125,2485.3766276041665,56.89044952392578,21.453330993652344,10.812585830688477
MN19081305,Odocoileus virginianus,Deer,2.0,50-250,23-113,unknown,distal,mtpod,,Crocuta crocuta,teeth,10,False,1709.478515625,1690.154134114583,49.78818893432617,18.60607147216797,8.059453010559082
MN19081640,Cervus canadensis,Elk,3.0,250-750,113-340,forelimb,other,unknown,,Crocuta crocuta,teeth,6,False,1346.1546630859375,2058.4210611979165,39.91876983642578,17.42518424987793,11.18059539794922
