Specimen, 3-means Clustering Label
MN10AA0101, 1
MN10AA0101, 1
MN10AA0101, 1
MN10AA0105, 1
MN10AA0105, 1
MN10AA0105, 1
MN10AA0105, 1
MN10AA0105, 1
MN10AA0105, 1
MN10AA0105, 1
MN10AA0203, 1
MN10AA0203, 1
MN10AA0203, 1
MN10AA0203, 1
MN10AA0207, 1
MN10AA0207, 1
MN10AA0207, 1
MN10AA0207, 1
MN10AA0302, 1
MN10AA0302, 1
MN10AA0302, 1
MN10AA0302, 1
MN10AA0302, 1
MN10AA0304, 1
MN10AA0304, 1
MN10AA0304, 1
MN10AA0304, 1
MN10AA0304, 1
MN10AA0304, 1
MN10AA0304, 1
MN10AA0304, 1
MN10AA0304, 1
MN10AA0304, 1
MN10AA0305, 2
MN10AA0305, 2
MN10AA0305, 2
MN10AA0305, 2
MN10AA0305, 2
MN10AA0305, 2
MN10AA0305, 2
MN10AA0306, 1
MN10AA0306, 1
MN10AA0306, 1
MN10AA0306, 1
MN10AA0306, 1
MN10AA0306, 1
MN10AA0306, 1
MN10AA0306, 1
MN10AA0306, 1
MN10AA0307, 2
MN10AA0307, 2
MN10AA0307, 2
MN10AA0307, 2
MN10AA0307, 2
MN10AA0307, 2
MN10AA0307, 2
MN10AA0307, 2
MN10AA0307, 2
MN10AA0307, 2
MN10AA0308, 1
MN10AA0308, 1
MN10AA0308, 1
MN10AA0308, 1
MN10AA0308, 1
MN10AA0403, 1
MN10AA0403, 1
MN10AA0403, 1
MN10AA0403, 1
MN10AA0403, 1
MN10AA0403, 1
MN10AA0403, 1
MN10AA0403, 1
MN10AA0403, 1
MN10AA0403, 1
MN10AA0403, 1
MN10AA0503, 1
MN10AA0503, 1
MN10AA0503, 1
MN10AA0506, 1
MN10AA0506, 1
MN10AA0506, 1
MN10AA0506, 1
MN10AA0603, 1
MN10AA0603, 1
MN10AA0603, 1
MN10AA0603, 1
MN10AA0603, 1
MN10AA0603, 1
MN10AA0603, 1
MN10AA0603, 1
MN10AA0603, 1
MN10AA0603, 1
MN10AA0603, 1
MN10AA0603, 1
MN10AA0604, 1
MN10AA0604, 1
MN10AA0604, 1
MN10AA0607, 1
MN10AA0607, 1
MN10AA0607, 1
MN10AA0607, 1
MN10AA0607, 1
MN10AA0705, 1
MN10AA0705, 1
MN10AA0705, 1
MN10AA0705, 1
MN10AA0705, 1
MN10AA0705, 1
MN10AA0705, 1
MN10AA0706, 1
MN10AA0706, 1
MN10AA0706, 1
MN10AA0706, 1
MN10AA0706, 1
MN10AA0707, 1
MN10AA0707, 1
MN10AA0707, 1
MN10AA0707, 1
MN10AA0707, 1
MN10AA0707, 1
MN10AA0708, 1
MN10AA0708, 1
MN10AA0708, 1
MN10AA0708, 1
MN10AA0708, 1
MN10AA0709, 1
MN10AA0709, 1
MN10AA0709, 1
MN10AA0709, 1
MN10AA0709, 1
MN10AA0709, 1
MN10AA0803, 1
MN10AA0803, 1
MN10AA0803, 1
MN10AA0803, 1
MN10AA0804, 1
MN10AA0804, 1
MN10AA0804, 1
MN10AA0804, 1
MN10AA0804, 1
MN10AA0804, 1
MN10AA0804, 1
MN10AA0809, 1
MN10AA0809, 1
MN10AA0809, 1
MN10AA0903, 1
MN10AA0903, 1
MN10AA0903, 1
MN10AA0903, 1
MN10AA0903, 1
MN10AA0903, 1
MN10AA0904, 1
MN10AA0904, 1
MN10AA0904, 1
MN10AA0904, 1
MN10AA0904, 1
MN10AA0904, 1
MN10AA0905, 1
MN10AA0905, 1
MN10AA0905, 1
MN10AA0905, 1
MN10AA0906, 1
MN10AA0906, 1
MN10AA0906, 1
MN10AA0907, 1
MN10AA0907, 1
MN10AA0907, 1
MN10AA0907, 1
MN10AA0907, 1
MN10AA0908, 1
MN10AA0908, 1
MN10AA0908, 1
MN10AA1003, 1
MN10AA1003, 1
MN10AA1003, 1
MN10AA1003, 1
MN10AA1003, 1
MN10AA1003, 1
MN10AA1003, 1
MN10AA1003, 1
MN10AA1003, 1
MN10AA1003, 1
MN10AA1004, 1
MN10AA1004, 1
MN10AA1004, 1
MN10AA1004, 1
MN10AA1004, 1
MN10AA1004, 1
MN10AA1004, 1
MN10AA1005, 1
MN10AA1005, 1
MN10AA1005, 1
MN10AA1005, 1
MN10AA1005, 1
MN10AA1007, 1
MN10AA1007, 1
MN10AA1007, 1
MN10AA1007, 1
MN10AA1007, 1
MN10AA1007, 1
MN10AA1011, 1
MN10AA1011, 1
MN10AA1011, 1
MN10AA1011, 1
MN10AA1011, 1
MN10AA1302, 1
MN10AA1302, 1
MN10AA1302, 1
MN10AA1302, 1
MN10AA1302, 1
MN10AA1406, 1
MN10AA1406, 1
MN10AA1406, 1
MN10AA1508, 2
MN10AA1508, 2
MN10AA1509, 2
MN10AA1509, 2
MN10AA1509, 2
MN10AA1509, 2
MN10AA1514, 1
MN10AA1514, 1
MN10AA1904, 2
MN10AA1904, 2
MN10AA1904, 2
MN10AA1904, 2
MN10AA1904, 2
MN10AA1905, 2
MN10AA1905, 2
MN10AA1906, 1
MN10AA1906, 1
MN10AA1906, 1
MN10AA1906, 1
MN10AA1906, 1
MN10AA1907, 2
MN10AA1907, 2
MN10AA1907, 2
MN10AA1907, 2
MN10AA1907, 2
MN10AA2003, 1
MN10AA2003, 1
MN10AA2003, 1
MN10AA2003, 1
MN10AA2003, 1
MN10AA2003, 1
MN10AA2004, 1
MN10AA2004, 1
MN10AA2004, 1
MN10AA2004, 1
MN10AA2005, 1
MN10AA2005, 1
MN10AA2005, 1
MN10AA2005, 1
MN10AA2005, 1
MN10AA2005, 1
MN10AA2005, 1
MN10AA2005, 1
MN10AA2005, 1
MN10AA2006, 1
MN10AA2006, 1
MN10AA2006, 1
MN10AA2006, 1
MN10AA2006, 1
MN10AA2007, 1
MN10AA2007, 1
MN10AA2007, 1
MN10AA2007, 1
MN10AA2007, 1
MN10AA2105, 1
MN10AA2105, 1
MN10AA2105, 1
MN10AA2105, 1
MN10AA2105, 1
MN10AA2105, 1
MN10AA2106, 1
MN10AA2106, 1
MN10AA2106, 1
MN10AA2106, 1
MN10AA2106, 1
MN10AA2106, 1
MN10AA2106, 1
MN10AA2106, 1
MN10AA2106, 1
MN10AA2106, 1
MN10AA2106, 1
MN10AA2106, 1
MN10AA2109, 1
MN10AA2109, 1
MN10AA2109, 1
MN10AA2109, 1
MN10AA2109, 1
MN10AA2110, 1
MN10AA2110, 1
MN10AA2110, 1
MN10AA2112, 1
MN10AA2112, 1
MN10AA2112, 1
MN10AA2112, 1
MN10AA2113, 1
MN10AA2113, 1
MN10AA2113, 1
MN10AA2113, 1
MN10AA2114, 1
MN10AA2114, 1
MN10AA2114, 1
MN10AA2204, 2
MN10AA2204, 2
MN10AA2204, 2
MN10AA2204, 2
MN10AA2204, 2
MN10AA2204, 2
MN10AA2204, 2
MN10AA2206, 1
MN10AA2206, 1
MN10AA2206, 1
MN10AA2206, 1
MN10AA2206, 1
MN10AA2206, 1
MN10AA2207, 1
MN10AA2207, 1
MN10AA2207, 1
MN10AA2207, 1
MN10AA2207, 1
MN10AA2207, 1
MN10AA2207, 1
MN10AA2207, 1
MN10AA2207, 1
MN10AA2207, 1
MN10AA2208, 1
MN10AA2208, 1
MN10AA2208, 1
MN10AA2208, 1
MN10AA2208, 1
MN10AA2208, 1
MN10AA2208, 1
MN10AA2208, 1
MN10AA2208, 1
MN10AA2211, 1
MN10AA2211, 1
MN10AA2303, 1
MN10AA2303, 1
MN10AA2303, 1
MN10AA2303, 1
MN10AA2303, 1
MN10AA2303, 1
MN10AA2303, 1
MN10AA2303, 1
MN10AA2304, 1
MN10AA2304, 1
MN10AA2304, 1
MN10AA2304, 1
MN10AA2304, 1
MN10AA2304, 1
MN10AA2305, 1
MN10AA2305, 1
MN10AA2305, 1
MN10AA2305, 1
MN10AA2306, 1
MN10AA2306, 1
MN10AA2306, 1
MN10AA2306, 1
MN10AA2306, 1
MN10AA2310, 1
MN10AA2310, 1
MN10AA2310, 1
MN10AA2310, 1
MN10AA2310, 1
MN10AA2404, 1
MN10AA2404, 1
MN10AA2404, 1
MN10AA2404, 1
MN10AA2404, 1
MN10AA2404, 1
MN10AA2404, 1
MN10AA2404, 1
MN10AA2405, 1
MN10AA2405, 1
MN10AA2405, 1
MN10AA2405, 1
MN10AA2405, 1
MN10AA2405, 1
MN10AA2408, 2
MN10AA2408, 2
MN10AA2408, 2
MN10AA2408, 2
MN10AA2408, 2
MN10AA2409, 1
MN10AA2409, 1
MN10AA2409, 1
MN10AA2409, 1
MN10AA2409, 1
MN10AA2504, 1
MN10AA2504, 1
MN10AA2504, 1
MN10AA2504, 1
MN10AA2504, 1
MN10AA2505, 1
MN10AA2505, 1
MN10AA2505, 1
MN10AA2505, 1
MN10AA2505, 1
MN10AA2505, 1
MN10AA2505, 1
MN10AA2505, 1
MN10AA2506, 1
MN10AA2506, 1
MN10AA2506, 1
MN10AA2506, 1
MN10AA2506, 1
MN10AA2506, 1
MN10AA2506, 1
MN10AA2507, 1
MN10AA2507, 1
MN10AA2507, 1
MN10AA2507, 1
MN10AA2507, 1
MN10AA2507, 1
MN10AA2508, 1
MN10AA2508, 1
MN10AA2508, 1
MN10AA2508, 1
MN10AA2508, 1
MN10AA2508, 1
MN10AA2509, 1
MN10AA2509, 1
MN10AA2603, 1
MN10AA2603, 1
MN10AA2603, 1
MN10AA2603, 1
MN10AA2604, 1
MN10AA2604, 1
MN10AA2604, 1
MN10AA2604, 1
MN10AA2604, 1
MN10AA2604, 1
MN10AA2604, 1
MN10AA2605, 1
MN10AA2605, 1
MN10AA2605, 1
MN10AA2605, 1
MN10AA2605, 1
MN10AA2605, 1
MN10AA2605, 1
MN10AA2606, 1
MN10AA2606, 1
MN10AA2606, 1
MN10AA2607, 1
MN10AA2607, 1
MN10AA2607, 1
MN10AA2607, 1
MN10AA2607, 1
MN10AA2607, 1
MN10AA2608, 1
MN10AA2608, 1
MN10AA2608, 1
MN10AA2608, 1
MN10AA2608, 1
MN10AA2608, 1
MN10AA2703, 2
MN10AA2703, 2
MN10AA2703, 2
MN10AA2703, 2
MN10AA2703, 2
MN10AA2703, 2
MN10AA2704, 1
MN10AA2704, 1
MN10AA2704, 1
MN10AA2704, 1
MN10AA2704, 1
MN10AA2704, 1
MN10AA2705, 2
MN10AA2705, 2
MN10AA2705, 2
MN10AA2705, 2
MN10AA2705, 2
MN10AA2705, 2
MN10AA2705, 2
MN10AA2705, 2
MN10AA2705, 2
MN10AA2705, 2
MN10AA2705, 2
MN10AA2705, 2
MN10AA2705, 2
MN10AA2705, 2
MN10AA2705, 2
MN10AA2705, 2
MN10AA2803, 1
MN10AA2803, 1
MN10AA2803, 1
MN10AA2803, 1
MN10AA2803, 1
MN10AA2804, 1
MN10AA2804, 1
MN10AA2804, 1
MN10AA2804, 1
MN10AA2805, 1
MN10AA2805, 1
MN10AA2805, 1
MN10AA2805, 1
MN10AA2805, 1
MN10AA2806, 1
MN10AA2806, 1
MN10AA2806, 1
MN10AA2806, 1
MN10AA2806, 1
MN10AA2807, 2
MN10AA2807, 2
MN10AA2807, 2
MN10AA2807, 2
MN10AA2807, 2
MN10AA2807, 2
MN10AA2808, 1
MN10AA2808, 1
MN10AA2808, 1
MN10AA2809, 1
MN10AA2809, 1
MN10AA2809, 1
MN10AA2902, 1
MN10AA2902, 1
MN10AA2902, 1
MN10AA2902, 1
MN10AA2902, 1
MN10AA2902, 1
MN10AA2904, 1
MN10AA2904, 1
MN10AA2904, 1
MN10AA2904, 1
MN10AA2905, 1
MN10AA2905, 1
MN10AA2905, 1
MN10AA2905, 1
MN10AA2906, 1
MN10AA2906, 1
MN10AA2906, 1
MN10AA2906, 1
MN10AA2906, 1
MN10AA2906, 1
MN10AA2906, 1
MN10AA2906, 1
MN10AA2907, 1
MN10AA2907, 1
MN10AA2907, 1
MN10AA2907, 1
MN10AA2907, 1
MN10AA2908, 1
MN10AA2908, 1
MN10AA2908, 1
MN10AA2908, 1
MN10AA2908, 1
MN10AA2908, 1
MN10AA2908, 1
MN10AA2909, 1
MN10AA2909, 1
MN10AA2909, 1
MN10AA2909, 1
MN10AA2910, 1
MN10AA2910, 1
MN10AA2910, 1
MN10AA3003, 1
MN10AA3003, 1
MN10AA3003, 1
MN10AA3003, 1
MN10AA3004, 1
MN10AA3004, 1
MN10AA3004, 1
MN10AA3004, 1
MN10AA3004, 1
MN10AA3005, 1
MN10AA3005, 1
MN10AA3005, 1
MN10AA3005, 1
MN10AA3102, 1
MN10AA3102, 1
MN10AA3102, 1
MN10AA3102, 1
MN10AA3102, 1
MN10AA3102, 1
MN10AA3102, 1
MN10AA3102, 1
MN10AA3102, 1
MN10AA3103, 1
MN10AA3103, 1
MN10AA3103, 1
MN10AA3103, 1
MN10AA3103, 1
MN10AA3103, 1
MN10AA3103, 1
MN10AA3103, 1
MN10AA3103, 1
MN10AA3103, 1
MN10AA3202, 0
MN10AA3202, 0
MN10AA3202, 0
MN10AA3202, 0
MN10AA3202, 0
MN10AA3202, 0
MN10AA3203, 1
MN10AA3203, 1
MN10AA3203, 1
MN10AA3203, 1
MN10AA3204, 1
MN10AA3204, 1
MN10AA3204, 1
MN10AA3204, 1
MN10AA3204, 1
MN10AA3204, 1
MN10AA3205, 1
MN10AA3205, 1
MN10AA3205, 1
MN10AA3205, 1
MN10AA3205, 1
MN10AA3302, 2
MN10AA3302, 2
MN10AA3302, 2
MN10AA3302, 2
MN10AA3302, 2
MN10AA3302, 2
MN10AA3302, 2
MN10AA3303, 1
MN10AA3303, 1
MN10AA3303, 1
MN10AA3303, 1
MN10AA3303, 1
MN10AA3303, 1
MN10AA3303, 1
MN10AA3304, 1
MN10AA3304, 1
MN10AA3304, 1
MN10AA3304, 1
MN10AA3304, 1
MN10AA3304, 1
MN10AA3305, 1
MN10AA3305, 1
MN10AA3305, 1
MN10AA3305, 1
MN10AA3402, 1
MN10AA3402, 1
MN10AA3402, 1
MN10AA3402, 1
MN10AA3402, 1
MN10AA3402, 1
MN10AA3403, 1
MN10AA3403, 1
MN10AA3403, 1
MN10AA3403, 1
MN10AA3403, 1
MN10AA3404, 0
MN10AA3404, 0
MN10AA3404, 0
MN10AA3404, 0
MN10AA3404, 0
MN10AA3404, 0
MN10AA3404, 0
MN10AA3405, 1
MN10AA3405, 1
MN10AA3405, 1
MN10AA3405, 1
MN10AA3405, 1
MN10AA3405, 1
MN10AA3405, 1
MN11AA0403, 2
MN11AA0403, 2
MN11AA0403, 2
MN11AA0403, 2
MN11AA0403, 2
MN11AA0403, 2
MN11AA0403, 2
MN11AA0403, 2
MN11AA0404, 1
MN11AA0404, 1
MN11AA0404, 1
MN11AA0404, 1
MN11AA0404, 1
MN11AA0404, 1
MN11AA0405, 1
MN11AA0405, 1
MN11AA0405, 1
MN11AA0405, 1
MN11AA0405, 1
MN11AA0407, 1
MN11AA0407, 1
MN11AA0407, 1
MN11AA0407, 1
MN11AA0407, 1
MN11AA0407, 1
MN11AA0407, 1
MN11AA0407, 1
MN11AA0408, 1
MN11AA0408, 1
MN11AA0408, 1
MN11AA0408, 1
MN11AA0408, 1
MN11AA0503, 1
MN11AA0503, 1
MN11AA0503, 1
MN11AA0503, 1
MN11AA0504, 1
MN11AA0504, 1
MN11AA0504, 1
MN11AA0505, 1
MN11AA0505, 1
MN11AA0505, 1
MN11AA0505, 1
MN11AA0505, 1
MN11AA0506, 1
MN11AA0506, 1
MN11AA0506, 1
MN11AA0506, 1
MN11AA0603, 1
MN11AA0603, 1
MN11AA0603, 1
MN11AA0603, 1
MN11AA0603, 1
MN11AA0603, 1
MN11AA0603, 1
MN11AA0603, 1
MN11AA0603, 1
MN11AA0604, 1
MN11AA0604, 1
MN11AA0604, 1
MN11AA0604, 1
MN11AA0605, 1
MN11AA0605, 1
MN11AA0606, 1
MN11AA0606, 1
MN11AA0606, 1
MN11AA0606, 1
MN11AA0606, 1
MN11AA0703, 0
MN11AA0703, 0
MN11AA0703, 0
MN11AA0703, 0
MN11AA0703, 0
MN11AA0703, 0
MN11AA0703, 0
MN11AA0703, 0
MN11AA0706, 1
MN11AA0706, 1
MN11AA0706, 1
MN11AA0706, 1
MN11AA0706, 1
MN11AA0904, 1
MN11AA0904, 1
MN11AA0904, 1
MN11AA0904, 1
MN11AA0904, 1
MN11AA0904, 1
MN11AA0904, 1
MN11AA0904, 1
MN11AA0904, 1
MN11AA0906, 1
MN11AA0906, 1
MN11AA0906, 1
MN11AA0906, 1
MN11AA0906, 1
MN11AA1003, 1
MN11AA1003, 1
MN11AA1003, 1
MN11AA1003, 1
MN11AA1003, 1
MN11AA1003, 1
MN11AA1003, 1
MN11AA1107, 1
MN11AA1107, 1
MN11AA1107, 1
MN12AA0102, 2
MN12AA0102, 2
MN12AA0102, 2
MN12AA0102, 2
MN12AA0102, 2
MN12AA0102, 2
MN12AA0102, 2
MN12AA0102, 2
MN12AA0102, 2
MN12AA0102, 2
MN12AA0104, 1
MN12AA0104, 1
MN12AA0104, 1
MN12AA0104, 1
MN12AA0104, 1
MN12AA0104, 1
MN12AA0104, 1
MN12AA0105, 2
MN12AA0105, 2
MN12AA0105, 2
MN12AA0105, 2
MN12AA0105, 2
MN12AA0105, 2
MN12AA0105, 2
MN12AA0105, 2
MN12AA0105, 2
MN12AA0105, 2
MN12AA0105, 2
MN12AA0105, 2
MN12AA0106, 1
MN12AA0106, 1
MN12AA0106, 1
MN12AA0106, 1
MN12AA0106, 1
MN12AA0106, 1
MN12AA0106, 1
MN12AA0110, 1
MN12AA0110, 1
MN12AA0110, 1
MN12AA0110, 1
MN12AA0110, 1
MN12AA0202, 2
MN12AA0202, 2
MN12AA0202, 2
MN12AA0202, 2
MN12AA0202, 2
MN12AA0202, 2
MN12AA0202, 2
MN12AA0202, 2
MN12AA0202, 2
MN12AA0202, 2
MN12AA0202, 2
MN12AA0202, 2
MN12AA0202, 2
MN12AA0202, 2
MN12AA0202, 2
MN12AA0203, 1
MN12AA0203, 1
MN12AA0203, 1
MN12AA0203, 1
MN12AA0203, 1
MN12AA0203, 1
MN12AA0203, 1
MN12AA0203, 1
MN12AA0203, 1
MN12AA0203, 1
MN12AA0203, 1
MN12AA0204, 1
MN12AA0204, 1
MN12AA0204, 1
MN12AA0204, 1
MN12AA0204, 1
MN12AA0204, 1
MN12AA0204, 1
MN12AA0204, 1
MN12AA0205, 1
MN12AA0205, 1
MN12AA0205, 1
MN12AA0205, 1
MN12AA0205, 1
MN12AA0205, 1
MN12AA0206, 1
MN12AA0206, 1
MN12AA0206, 1
MN12AA0206, 1
MN12AA0206, 1
MN12AA0206, 1
MN12AA0207, 1
MN12AA0207, 1
MN12AA0207, 1
MN12AA0207, 1
MN12AA0207, 1
MN12AA0207, 1
MN12AA0208, 0
MN12AA0208, 0
MN12AA0208, 0
MN12AA0208, 0
MN12AA0208, 0
MN12AA0209, 1
MN12AA0209, 1
MN12AA0209, 1
MN12AA0209, 1
MN12AA0209, 1
MN12AA0209, 1
MN12AA0210, 1
MN12AA0210, 1
MN12AA0210, 1
MN12AA0210, 1
MN12AA0210, 1
MN12AA0301, 0
MN12AA0301, 0
MN12AA0301, 0
MN12AA0301, 0
MN12AA0301, 0
MN12AA0301, 0
MN12AA0301, 0
MN12AA0301, 0
MN12AA0301, 0
MN12AA0301, 0
MN12AA0301, 0
MN12AA0302, 1
MN12AA0302, 1
MN12AA0302, 1
MN12AA0302, 1
MN12AA0302, 1
MN12AA0302, 1
MN12AA0302, 1
MN12AA0302, 1
MN12AA0302, 1
MN12AA0302, 1
MN12AA0302, 1
MN12AA0303, 1
MN12AA0303, 1
MN12AA0303, 1
MN12AA0303, 1
MN12AA0303, 1
MN12AA0303, 1
MN12AA0402, 2
MN12AA0402, 2
MN12AA0402, 2
MN12AA0402, 2
MN12AA0402, 2
MN12AA0402, 2
MN12AA0402, 2
MN12AA0402, 2
MN12AA0403, 2
MN12AA0403, 2
MN12AA0403, 2
MN12AA0403, 2
MN12AA0403, 2
MN12AA0403, 2
MN12AA0403, 2
MN12AA0403, 2
MN12AA0403, 2
MN12AA0403, 2
MN12AA0403, 2
MN12AA0404, 2
MN12AA0404, 2
MN12AA0404, 2
MN12AA0404, 2
MN12AA0404, 2
MN12AA0404, 2
MN12AA0404, 2
MN12AA0404, 2
MN12AA0404, 2
MN12AA0405, 2
MN12AA0405, 2
MN12AA0405, 2
MN12AA0405, 2
MN12AA0405, 2
MN12AA0405, 2
MN12AA0405, 2
MN12AA0405, 2
MN12AA0405, 2
MN12AA0405, 2
MN12AA0405, 2
MN12AA0405, 2
MN12AA0405, 2
MN12AA0405, 2
MN12AA0405, 2
MN12AA0406, 0
MN12AA0406, 0
MN12AA0406, 0
MN12AA0406, 0
MN12AA0406, 0
MN12AA0406, 0
MN12AA0406, 0
MN12AA0407, 2
MN12AA0407, 2
MN12AA0407, 2
MN12AA0407, 2
MN12AA0407, 2
MN12AA0408, 0
MN12AA0408, 0
MN12AA0408, 0
MN12AA0408, 0
MN12AA0408, 0
MN12AA0408, 0
MN12AA0408, 0
MN12AA0408, 0
MN12AA0409, 1
MN12AA0409, 1
MN12AA0409, 1
MN12AA0409, 1
MN12AA0409, 1
MN12AA0409, 1
MN12AA0410, 1
MN12AA0410, 1
MN12AA0410, 1
MN12AA0410, 1
MN12AA0411, 1
MN12AA0411, 1
MN12AA0411, 1
MN12AA0411, 1
MN12AA0411, 1
MN12AA0411, 1
MN12AA0411, 1
MN12AA0502, 0
MN12AA0502, 0
MN12AA0502, 0
MN12AA0502, 0
MN12AA0502, 0
MN12AA0502, 0
MN12AA0502, 0
MN12AA0502, 0
MN12AA0502, 0
MN12AA0502, 0
MN12AA0502, 0
MN12AA0502, 0
MN12AA0502, 0
MN12AA0503, 2
MN12AA0503, 2
MN12AA0503, 2
MN12AA0503, 2
MN12AA0503, 2
MN12AA0503, 2
MN12AA0503, 2
MN12AA0505, 2
MN12AA0505, 2
MN12AA0505, 2
MN12AA0505, 2
MN12AA0505, 2
MN12AA0505, 2
MN12AA0505, 2
MN12AA0506, 2
MN12AA0506, 2
MN12AA0506, 2
MN12AA0506, 2
MN12AA0506, 2
MN12AA0506, 2
MN12AA0506, 2
MN12AA0506, 2
MN12AA0506, 2
MN12AA0506, 2
MN12AA0506, 2
MN12AA0506, 2
MN12AA0507, 1
MN12AA0507, 1
MN12AA0507, 1
MN12AA0507, 1
MN12AA0507, 1
MN12AA0507, 1
MN12AA0507, 1
MN12AA0507, 1
MN12AA0507, 1
MN12AA0508, 2
MN12AA0508, 2
MN12AA0508, 2
MN12AA0508, 2
MN12AA0508, 2
MN12AA0509, 1
MN12AA0509, 1
MN12AA0509, 1
MN12AA0509, 1
MN12AA0510, 1
MN12AA0510, 1
MN12AA0510, 1
MN12AA0510, 1
MN12AA0510, 1
MN12AA0511, 1
MN12AA0511, 1
MN12AA0511, 1
MN12AA0511, 1
MN12AA0512, 2
MN12AA0512, 2
MN12AA0512, 2
MN12AA0512, 2
MN12AA0512, 2
MN12AA0512, 2
MN12AA0513, 1
MN12AA0513, 1
MN12AA0513, 1
MN12AA0513, 1
MN12AA0513, 1
MN12AA0514, 2
MN12AA0514, 2
MN12AA0514, 2
MN12AA0514, 2
MN12AA0514, 2
MN12AA0514, 2
MN12AA0514, 2
MN12AA0603, 1
MN12AA0603, 1
MN12AA0603, 1
MN12AA0603, 1
MN12AA0603, 1
MN12AA0603, 1
MN12AA0603, 1
MN12AA0604, 0
MN12AA0604, 0
MN12AA0604, 0
MN12AA0604, 0
MN12AA0604, 0
MN12AA0604, 0
MN12AA0605, 1
MN12AA0605, 1
MN12AA0605, 1
MN12AA0605, 1
MN12AA0605, 1
MN12AA0605, 1
MN12AA0606, 1
MN12AA0606, 1
MN12AA0606, 1
MN12AA0606, 1
MN12AA0607, 1
MN12AA0607, 1
MN12AA0607, 1
MN12AA0607, 1
MN12AA0607, 1
MN12AA0608, 0
MN12AA0608, 0
MN12AA0608, 0
MN12AA0608, 0
MN12AA0608, 0
MN12AA0609, 1
MN12AA0609, 1
MN12AA0609, 1
MN12AA0609, 1
MN12AA0609, 1
MN12AA0703, 2
MN12AA0703, 2
MN12AA0703, 2
MN12AA0703, 2
MN12AA0703, 2
MN12AA0703, 2
MN12AA0703, 2
MN12AA0704, 1
MN12AA0704, 1
MN12AA0704, 1
MN12AA0704, 1
MN12AA0704, 1
MN12AA0802, 2
MN12AA0802, 2
MN12AA0802, 2
MN12AA0802, 2
MN12AA0802, 2
MN12AA0802, 2
MN12AA0802, 2
MN12AA0802, 2
MN12AA0802, 2
MN12AA0802, 2
MN12AA0802, 2
MN12AA0802, 2
MN12AA0802, 2
MN12AA0803, 2
MN12AA0803, 2
MN12AA0803, 2
MN12AA0803, 2
MN12AA0803, 2
MN12AA0803, 2
MN12AA0803, 2
MN12AA0803, 2
MN12AA0803, 2
MN12AA0803, 2
MN12AA0803, 2
MN12AA0804, 0
MN12AA0804, 0
MN12AA0804, 0
MN12AA0804, 0
MN12AA0804, 0
MN12AA0804, 0
MN12AA0804, 0
MN12AA0804, 0
MN12AA0805, 1
MN12AA0805, 1
MN12AA0805, 1
MN12AA0805, 1
MN12AA0805, 1
MN12AA0805, 1
MN12AA0806, 2
MN12AA0806, 2
MN12AA0806, 2
MN12AA0806, 2
MN12AA0806, 2
MN12AA0806, 2
MN12AA1002, 1
MN12AA1002, 1
MN12AA1002, 1
MN12AA1002, 1
MN12AA1002, 1
MN12AA1002, 1
MN12AA1002, 1
MN12AA1002, 1
MN12AA1002, 1
MN12AA1003, 2
MN12AA1003, 2
MN12AA1003, 2
MN12AA1003, 2
MN12AA1003, 2
MN12AA1003, 2
MN12AA1003, 2
MN12AA1003, 2
MN12AA1003, 2
MN12AA1003, 2
MN12AA1003, 2
MN12AA1003, 2
MN12AA1004, 1
MN12AA1004, 1
MN12AA1004, 1
MN12AA1004, 1
MN12AA1004, 1
MN12AA1004, 1
MN12AA1004, 1
MN12AA1004, 1
MN12AA1004, 1
MN12AA1004, 1
MN12AA1004, 1
MN12AA1004, 1
MN12AA1004, 1
MN12AA1004, 1
MN12AA1005, 2
MN12AA1005, 2
MN12AA1005, 2
MN12AA1005, 2
MN12AA1005, 2
MN12AA1007, 1
MN12AA1007, 1
MN12AA1007, 1
MN12AA1007, 1
MN12AA1007, 1
MN12AA1007, 1
MN12AA1007, 1
MN12AA1007, 1
MN12AA1007, 1
MN12AA1008, 1
MN12AA1008, 1
MN12AA1008, 1
MN12AA1008, 1
MN12AA1008, 1
MN12AA1102, 2
MN12AA1102, 2
MN12AA1102, 2
MN12AA1102, 2
MN12AA1102, 2
MN12AA1102, 2
MN12AA1102, 2
MN12AA1102, 2
MN12AA1102, 2
MN12AA1102, 2
MN12AA1102, 2
MN12AA1103, 2
MN12AA1103, 2
MN12AA1103, 2
MN12AA1103, 2
MN12AA1103, 2
MN12AA1103, 2
MN12AA1103, 2
MN12AA1103, 2
MN12AA1104, 0
MN12AA1104, 0
MN12AA1104, 0
MN12AA1104, 0
MN12AA1104, 0
MN12AA1104, 0
MN12AA1104, 0
MN12AA1104, 0
MN12AA1104, 0
MN12AA1105, 2
MN12AA1105, 2
MN12AA1105, 2
MN12AA1105, 2
MN12AA1105, 2
MN12AA1105, 2
MN12AA1105, 2
MN12AA1105, 2
MN12AA1106, 2
MN12AA1106, 2
MN12AA1106, 2
MN12AA1106, 2
MN12AA1106, 2
MN12AA1106, 2
MN12AA1106, 2
MN12AA1107, 1
MN12AA1107, 1
MN12AA1107, 1
MN12AA1107, 1
MN12AA1107, 1
MN12AA1107, 1
MN12AA1108, 1
MN12AA1108, 1
MN12AA1108, 1
MN12AA1108, 1
MN12AA1108, 1
MN12AA1108, 1
MN12AA1108, 1
MN12AA1109, 1
MN12AA1109, 1
MN12AA1109, 1
MN12AA1109, 1
MN12AA1109, 1
MN12AA1110, 0
MN12AA1110, 0
MN12AA1110, 0
MN12AA1110, 0
MN12AA1110, 0
MN12AA1110, 0
MN12AA1110, 0
MN12AA1111, 1
MN12AA1111, 1
MN12AA1111, 1
MN12AA1111, 1
MN12AA1111, 1
MN12AA1112, 1
MN12AA1112, 1
MN12AA1112, 1
MN12AA1112, 1
MN12AA1112, 1
MN12AA1112, 1
MN12AA1112, 1
MN12AA1113, 1
MN12AA1113, 1
MN12AA1113, 1
MN12AA1113, 1
MN12AA1113, 1
MN12AA5603, 1
MN12AA5603, 1
MN12AA5603, 1
MN12AA5603, 1
MN12AA5604, 0
MN12AA5604, 0
MN12AA5604, 0
MN12AA5604, 0
MN12AA5604, 0
MN12AA5604, 0
MN12AA5604, 0
MN12AA5606, 2
MN12AA5606, 2
MN12AA5606, 2
MN12AA5606, 2
MN12AA5606, 2
MN12AA5606, 2
MN12AA5606, 2
MN12AA5606, 2
MN12AA5606, 2
MN12AA5607, 2
MN12AA5607, 2
MN12AA5607, 2
MN12AA5607, 2
MN12AA5607, 2
MN12AA5607, 2
MN12AA5703, 2
MN12AA5703, 2
MN12AA5703, 2
MN12AA5703, 2
MN12AA5703, 2
MN12AA5703, 2
MN12AA5703, 2
MN12AA5703, 2
MN12AA5703, 2
MN12AA5704, 2
MN12AA5704, 2
MN12AA5704, 2
MN12AA5704, 2
MN12AA5705, 2
MN12AA5705, 2
MN12AA5705, 2
MN12AA5705, 2
MN12AA5705, 2
MN12AA5705, 2
MN12AA5705, 2
MN12AA5705, 2
MN12AA5705, 2
MN12AA5707, 2
MN12AA5707, 2
MN12AA5707, 2
MN12AA5707, 2
MN12AA5707, 2
MN12AA5803, 1
MN12AA5803, 1
MN12AA5803, 1
MN12AA5803, 1
MN12AA5803, 1
MN12AA5803, 1
MN12AA5803, 1
MN12AA5803, 1
MN12AA5803, 1
MN12AA5804, 1
MN12AA5804, 1
MN12AA5804, 1
MN12AA5804, 1
MN12AA5804, 1
MN12AA5804, 1
MN12AA5804, 1
MN12AA5804, 1
MN12AA5804, 1
MN12AA5806, 1
MN12AA5806, 1
MN12AA5806, 1
MN12AA5806, 1
MN12AA5806, 1
MN12AA5806, 1
MN12AA5806, 1
MN12AA5806, 1
MN12AA5806, 1
MN12AA5806, 1
MN12AA5807, 1
MN12AA5807, 1
MN12AA5807, 1
MN12AA5807, 1
MN12AA5807, 1
MN12AA5807, 1
MN12AA5807, 1
MN12AA5807, 1
MN12AA5807, 1
MN12AA5809, 1
MN12AA5809, 1
MN12AA5809, 1
MN12AA5809, 1
MN12AA5809, 1
MN12AA5809, 1
MN12AA5903, 2
MN12AA5903, 2
MN12AA5903, 2
MN12AA5903, 2
MN12AA5903, 2
MN12AA5903, 2
MN12AA5903, 2
MN12AA5903, 2
MN12AA5903, 2
MN12AA5904, 2
MN12AA5904, 2
MN12AA5904, 2
MN12AA5904, 2
MN12AA5904, 2
MN12AA5904, 2
MN12AA5904, 2
MN12AA5905, 1
MN12AA5905, 1
MN12AA5905, 1
MN12AA5905, 1
MN12AA5905, 1
MN12AA5906, 2
MN12AA5906, 2
MN12AA5906, 2
MN12AA5906, 2
MN12AA5906, 2
MN12AA5906, 2
MN12AA6002, 2
MN12AA6002, 2
MN12AA6002, 2
MN12AA6002, 2
MN12AA6002, 2
MN12AA6002, 2
MN12AA6003, 2
MN12AA6003, 2
MN12AA6003, 2
MN12AA6003, 2
MN12AA6003, 2
MN12AA6003, 2
MN12AA6003, 2
MN12AA6003, 2
MN12AA6004, 2
MN12AA6004, 2
MN12AA6004, 2
MN12AA6004, 2
MN12AA6004, 2
MN12AA6004, 2
MN12AA6005, 1
MN12AA6005, 1
MN12AA6005, 1
MN12AA6005, 1
MN12AA6005, 1
MN12AA6005, 1
MN12AA6005, 1
MN12AA6005, 1
MN12AA6006, 2
MN12AA6006, 2
MN12AA6006, 2
MN12AA6006, 2
MN12AA6006, 2
MN12AA6010, 2
MN12AA6010, 2
MN12AA6010, 2
MN12AA6010, 2
MN12AA6010, 2
MN12AA6010, 2
MN12AA6010, 2
MN12AA6010, 2
MN12AA6011, 1
MN12AA6011, 1
MN12AA6011, 1
MN12AA6017, 1
MN12AA6017, 1
MN12AA6017, 1
MN12AA6017, 1
MN12AA6017, 1
MN12AA6203, 0
MN12AA6203, 0
MN12AA6203, 0
MN12AA6203, 0
MN12AA6203, 0
MN12AA6203, 0
MN12AA6203, 0
MN12AA6203, 0
MN12AA6204, 0
MN12AA6204, 0
MN12AA6204, 0
MN12AA6204, 0
MN12AA6204, 0
MN12AA6204, 0
MN12AA6204, 0
MN12AA6206, 1
MN12AA6206, 1
MN12AA6206, 1
MN12AA6206, 1
MN12AA6206, 1
MN12AA6206, 1
MN12AA6206, 1
MN12AA6207, 1
MN12AA6207, 1
MN12AA6207, 1
MN12AA6207, 1
MN12AA6207, 1
MN12AA6207, 1
MN12AA6207, 1
MN12AA6303, 2
MN12AA6303, 2
MN12AA6303, 2
MN12AA6303, 2
MN12AA6303, 2
MN12AA6303, 2
MN12AA6304, 1
MN12AA6304, 1
MN12AA6304, 1
MN12AA6304, 1
MN12AA6304, 1
MN12AA6304, 1
MN12AA6304, 1
MN12AA6304, 1
MN12AA6304, 1
MN12AA6304, 1
MN12AA6310, 1
MN12AA6310, 1
MN12AA6310, 1
MN12AA6311, 2
MN12AA6311, 2
MN12AA6311, 2
MN12AA6311, 2
MN12AA6402, 2
MN12AA6402, 2
MN12AA6402, 2
MN12AA6402, 2
MN12AA6402, 2
MN12AA6402, 2
MN12AA6402, 2
MN12AA6402, 2
MN12AA6402, 2
MN12AA6402, 2
MN12AA6402, 2
MN12AA6403, 2
MN12AA6403, 2
MN12AA6403, 2
MN12AA6403, 2
MN12AA6403, 2
MN12AA6403, 2
MN12AA6403, 2
MN12AA6403, 2
MN12AA6403, 2
MN12AA6404, 1
MN12AA6404, 1
MN12AA6404, 1
MN12AA6404, 1
MN12AA6404, 1
MN12AA6405, 2
MN12AA6405, 2
MN12AA6405, 2
MN12AA6405, 2
MN12AA6405, 2
MN12AA6406, 2
MN12AA6406, 2
MN12AA6406, 2
MN12AA6406, 2
MN12AA6503, 1
MN12AA6503, 1
MN12AA6503, 1
MN12AA6503, 1
MN12AA6503, 1
MN12AA6503, 1
MN12AA6507, 2
MN12AA6507, 2
MN12AA6507, 2
MN12AA6507, 2
MN12AA6507, 2
MN12AA6507, 2
MN12AA6507, 2
MN12AA6507, 2
MN12AA6507, 2
MN12AA6507, 2
MN13AA0103, 2
MN13AA0103, 2
MN13AA0103, 2
MN13AA0103, 2
MN13AA0103, 2
MN13AA0103, 2
MN13AA0103, 2
MN13AA0103, 2
MN13AA0103, 2
MN13AA0104, 1
MN13AA0104, 1
MN13AA0104, 1
MN13AA0104, 1
MN13AA0104, 1
MN13AA0105, 2
MN13AA0105, 2
MN13AA0105, 2
MN13AA0107, 1
MN13AA0107, 1
MN13AA0107, 1
MN13AA0107, 1
MN13AA0107, 1
MN13AA0107, 1
MN13AA0107, 1
MN13AA0108, 2
MN13AA0108, 2
MN13AA0108, 2
MN13AA0108, 2
MN13AA0108, 2
MN13AA0108, 2
MN13AA0110, 2
MN13AA0110, 2
MN13AA0110, 2
MN13AA0110, 2
MN13AA0110, 2
MN13AA0110, 2
MN13AA0119, 2
MN13AA0119, 2
MN13AA0119, 2
MN13AA0119, 2
MN13AA0119, 2
MN13AA0205, 1
MN13AA0205, 1
MN13AA0205, 1
MN13AA0205, 1
MN13AA0205, 1
MN13AA0205, 1
MN13AA0206, 1
MN13AA0206, 1
MN13AA0206, 1
MN13AA0206, 1
MN13AA0206, 1
MN13AA0206, 1
MN13AA0206, 1
MN13AA0206, 1
MN13AA0206, 1
MN13AA0206, 1
MN13AA0207, 2
MN13AA0207, 2
MN13AA0207, 2
MN13AA0207, 2
MN13AA0207, 2
MN13AA0207, 2
MN13AA0207, 2
MN13AA0207, 2
MN13AA0207, 2
MN13AA0210, 1
MN13AA0210, 1
MN13AA0210, 1
MN13AA0210, 1
MN13AA0210, 1
MN13AA0210, 1
MN13AA0210, 1
MN13AA0210, 1
MN13AA0309, 1
MN13AA0309, 1
MN13AA0309, 1
MN13AA0309, 1
MN13AA0309, 1
MN13AA0309, 1
MN13AA0413, 2
MN13AA0413, 2
MN13AA0413, 2
MN13AA0413, 2
MN13AA0413, 2
MN13AA0413, 2
MN13AA0413, 2
MN13AA0413, 2
MN13AA0413, 2
MN13AA0414, 1
MN13AA0414, 1
MN13AA0414, 1
MN13AA0414, 1
MN13AA0414, 1
MN13AA0508, 1
MN13AA0508, 1
MN13AA0508, 1
MN13AA0508, 1
MN13AA0606, 2
MN13AA0606, 2
MN13AA0606, 2
MN13AA0606, 2
MN13AA0606, 2
MN13AA0606, 2
MN13AA0606, 2
MN13AA0608, 2
MN13AA0608, 2
MN13AA0608, 2
MN13AA0608, 2
MN13AA0608, 2
MN13AA0704, 1
MN13AA0704, 1
MN13AA0704, 1
MN13AA0704, 1
MN13AA0704, 1
MN13AA0704, 1
MN13AA0705, 0
MN13AA0705, 0
MN13AA0705, 0
MN13AA0705, 0
MN13AA0705, 0
MN13AA0705, 0
MN13AA0707, 1
MN13AA0707, 1
MN13AA0707, 1
MN13AA0707, 1
MN13AA0708, 2
MN13AA0708, 2
MN13AA0708, 2
MN13AA0708, 2
MN13AA0708, 2
MN13AA0708, 2
MN13AA0709, 2
MN13AA0709, 2
MN13AA0709, 2
MN13AA0709, 2
MN13AA0710, 1
MN13AA0710, 1
MN13AA0710, 1
MN13AA0710, 1
MN13AA0712, 1
MN13AA0712, 1
MN13AA0712, 1
MN13AA0712, 1
MN13AA0803, 1
MN13AA0803, 1
MN13AA0803, 1
MN13AA0803, 1
MN13AA0803, 1
MN13AA0803, 1
MN13AA0803, 1
MN13AA0803, 1
MN13AA0804, 1
MN13AA0804, 1
MN13AA0804, 1
MN13AA0804, 1
MN13AA0804, 1
MN13AA0804, 1
MN13AA0804, 1
MN13AA0804, 1
MN13AA0804, 1
MN13AA0804, 1
MN13AA0805, 2
MN13AA0805, 2
MN13AA0805, 2
MN13AA0805, 2
MN13AA0904, 1
MN13AA0904, 1
MN13AA0904, 1
MN13AA0904, 1
MN13AA0904, 1
MN13AA0904, 1
MN13AA0904, 1
MN13AA0907, 2
MN13AA0907, 2
MN13AA0907, 2
MN13AA0907, 2
MN13AA0907, 2
MN13AA0907, 2
MN13AA0907, 2
MN13AA0907, 2
MN13AA0907, 2
MN13AA0907, 2
MN13AA0907, 2
MN13AA0907, 2
MN13AA0909, 1
MN13AA0909, 1
MN13AA0909, 1
MN13AA0909, 1
MN13AA0909, 1
MN13AA0909, 1
MN13AA0909, 1
MN13AA0911, 1
MN13AA0911, 1
MN13AA1011, 1
MN13AA1011, 1
MN13AA1011, 1
MN13AA1011, 1
MN13AA1011, 1
MN13AA1011, 1
MN13AA1011, 1
MN13AA1011, 1
MN13AA1018, 1
MN13AA1018, 1
MN13AA1018, 1
MN13AA1019, 1
MN13AA1019, 1
MN13AA1019, 1
MN13AA1019, 1
MN13AA1019, 1
MN13AA1307, 1
MN13AA1307, 1
MN13AA1307, 1
MN13AA1307, 1
MN13AA1307, 1
MN13AA1307, 1
MN13AA1307, 1
MN13AA1307, 1
MN13AA1309, 0
MN13AA1309, 0
MN13AA1309, 0
MN13AA1309, 0
MN13AA1309, 0
MN13AA1309, 0
MN13AA1311, 1
MN13AA1311, 1
MN13AA1311, 1
MN13AA1311, 1
MN13AA1311, 1
MN13AA1311, 1
MN13AA1311, 1
MN13AA1311, 1
MN13AA1311, 1
MN13AA1311, 1
MN13AA1311, 1
MN13AA1311, 1
MN13AA1314, 1
MN13AA1314, 1
MN13AA1314, 1
MN13AA1314, 1
MN13AA1314, 1
MN13AA1314, 1
MN13AA1314, 1
MN13AA1314, 1
MN13AA1314, 1
MN13AA1407, 2
MN13AA1407, 2
MN13AA1407, 2
MN13AA1407, 2
MN13AA1407, 2
MN13AA1407, 2
MN13AA1407, 2
MN13AA1409, 2
MN13AA1409, 2
MN13AA1409, 2
MN13AA1409, 2
MN13AA1409, 2
MN13AA1411, 2
MN13AA1411, 2
MN13AA1411, 2
MN13AA1411, 2
MN13AA1411, 2
MN13AA1412, 1
MN13AA1412, 1
MN13AA1412, 1
MN13AA1412, 1
MN13AA1412, 1
MN13AA1412, 1
MN13AA1413, 2
MN13AA1413, 2
MN13AA1413, 2
MN13AA1413, 2
MN13AA1413, 2
MN13AA1413, 2
MN13AA1414, 2
MN13AA1414, 2
MN13AA1414, 2
MN13AA1414, 2
MN13AA1414, 2
MN13AA1414, 2
MN13AA1415, 2
MN13AA1415, 2
MN13AA1415, 2
MN13AA1415, 2
MN13AA1415, 2
MN13AA1415, 2
MN13AA1415, 2
MN13AA1415, 2
MN13AA1416, 1
MN13AA1416, 1
MN13AA1416, 1
MN13AA1416, 1
MN13AA1425, 2
MN13AA1425, 2
MN13AA1425, 2
MN13AA1425, 2
MN13AA1428, 2
MN13AA1428, 2
MN13AA1428, 2
MN13AA1428, 2
MN13AA1504, 1
MN13AA1504, 1
MN13AA1504, 1
MN13AA1504, 1
MN13AA1504, 1
MN13AA1504, 1
MN13AA1504, 1
MN13AA1504, 1
MN13AA1504, 1
MN13AA1505, 1
MN13AA1505, 1
MN13AA1505, 1
MN13AA1505, 1
MN13AA1505, 1
MN13AA1505, 1
MN13AA1505, 1
MN13AA1505, 1
MN13AA1505, 1
MN13AA1505, 1
MN13AA1505, 1
MN13AA1506, 1
MN13AA1506, 1
MN13AA1506, 1
MN13AA1506, 1
MN13AA1507, 2
MN13AA1507, 2
MN13AA1507, 2
MN13AA1507, 2
MN13AA1507, 2
MN13AA1507, 2
MN13AA1605, 1
MN13AA1605, 1
MN13AA1605, 1
MN13AA1605, 1
MN13AA1605, 1
MN13AA1605, 1
MN13AA1605, 1
MN13AA1605, 1
MN13AA1612, 1
MN13AA1612, 1
MN13AA1612, 1
MN13AA1612, 1
MN13AA1612, 1
MN14AA0109, 1
MN14AA0109, 1
MN14AA0109, 1
MN14AA0109, 1
MN14AA0109, 1
MN14AA0109, 1
MN14AA0110, 1
MN14AA0110, 1
MN14AA0110, 1
MN14AA0110, 1
MN14AA0110, 1
MN14AA0112, 1
MN14AA0112, 1
MN14AA0112, 1
MN14AA0112, 1
MN14AA0112, 1
MN14AA0112, 1
MN14AA0112, 1
MN14AA0114, 1
MN14AA0114, 1
MN14AA0114, 1
MN14AA0115, 1
MN14AA0115, 1
MN14AA0115, 1
MN14AA0116, 1
MN14AA0116, 1
MN14AA0116, 1
MN14AA0116, 1
MN14AA0116, 1
MN14AA0118, 1
MN14AA0118, 1
MN14AA0118, 1
MN14AA0118, 1
MN14AA0118, 1
MN14AA0203, 1
MN14AA0203, 1
MN14AA0203, 1
MN14AA0203, 1
MN14AA0203, 1
MN14AA0203, 1
MN14AA0204, 1
MN14AA0204, 1
MN14AA0204, 1
MN14AA0204, 1
MN14AA0205, 1
MN14AA0205, 1
MN14AA0205, 1
MN14AA0205, 1
MN14AA0205, 1
MN14AA0205, 1
MN14AA0205, 1
MN14AA0205, 1
MN14AA0205, 1
MN14AA0205, 1
MN14AA0205, 1
MN14AA0206, 2
MN14AA0206, 2
MN14AA0206, 2
MN14AA0206, 2
MN14AA0207, 2
MN14AA0207, 2
MN14AA0207, 2
MN14AA0207, 2
MN14AA0208, 1
MN14AA0208, 1
MN14AA0208, 1
MN14AA0209, 1
MN14AA0209, 1
MN14AA0209, 1
MN14AA0304, 1
MN14AA0304, 1
MN14AA0304, 1
MN14AA0304, 1
MN14AA0304, 1
MN14AA0304, 1
MN14AA0304, 1
MN14AA0306, 1
MN14AA0306, 1
MN14AA0306, 1
MN14AA0306, 1
MN14AA0306, 1
MN14AA0306, 1
MN14AA0306, 1
MN14AA0306, 1
MN14AA0306, 1
MN14AA0306, 1
MN14AA0306, 1
MN14AA0306, 1
MN14AA0310, 1
MN14AA0310, 1
MN14AA0310, 1
MN14AA0310, 1
MN14AA0310, 1
MN14AA0310, 1
MN14AA0310, 1
MN14AA0310, 1
MN14AA0311, 1
MN14AA0311, 1
MN14AA0311, 1
MN14AA0312, 2
MN14AA0312, 2
MN14AA0312, 2
MN14AA0312, 2
MN14AA0312, 2
MN14AA0313, 1
MN14AA0313, 1
MN14AA0313, 1
MN14AA0314, 2
MN14AA0314, 2
MN14AA0314, 2
MN14AA0314, 2
MN14AA0314, 2
MN14AA0314, 2
MN14AA0317, 1
MN14AA0317, 1
MN14AA0317, 1
MN14AA0317, 1
MN14AA0405, 2
MN14AA0405, 2
MN14AA0405, 2
MN14AA0405, 2
MN14AA0405, 2
MN14AA0405, 2
MN14AA0405, 2
MN14AA0405, 2
MN14AA0405, 2
MN14AA0405, 2
MN14AA0405, 2
MN14AA0405, 2
MN14AA0406, 0
MN14AA0406, 0
MN14AA0406, 0
MN14AA0406, 0
MN14AA0406, 0
MN14AA0406, 0
MN14AA0407, 1
MN14AA0407, 1
MN14AA0407, 1
MN14AA0407, 1
MN14AA0407, 1
MN14AA0408, 2
MN14AA0408, 2
MN14AA0408, 2
MN14AA0408, 2
MN14AA0408, 2
MN14AA0408, 2
MN14AA0408, 2
MN14AA0501, 2
MN14AA0501, 2
MN14AA0501, 2
MN14AA0501, 2
MN14AA0501, 2
MN14AA0506, 1
MN14AA0506, 1
MN14AA0506, 1
MN14AA0506, 1
MN14AA0506, 1
MN14AA0506, 1
MN14AA0506, 1
MN14AA0506, 1
MN14AA0507, 1
MN14AA0507, 1
MN14AA0507, 1
MN14AA0507, 1
MN14AA0507, 1
MN14AA0507, 1
MN14AA0508, 1
MN14AA0508, 1
MN14AA0508, 1
MN14AA0508, 1
MN14AA0508, 1
MN14AA0508, 1
MN14AA0509, 1
MN14AA0509, 1
MN14AA0509, 1
MN14AA0509, 1
MN14AA0509, 1
MN14AA0509, 1
MN14AA0509, 1
MN14AA0510, 1
MN14AA0510, 1
MN14AA0510, 1
MN14AA0510, 1
MN14AA0510, 1
MN14AA0510, 1
MN14AA0510, 1
MN14AA0510, 1
MN14AA0510, 1
MN14AA0511, 1
MN14AA0511, 1
MN14AA0511, 1
MN14AA0511, 1
MN14AA0511, 1
MN14AA0511, 1
MN14AA0511, 1
MN14AA0511, 1
MN14AA0513, 1
MN14AA0513, 1
MN14AA0513, 1
MN14AA0513, 1
MN14AA0513, 1
MN14AA0514, 1
MN14AA0514, 1
MN14AA0514, 1
MN14AA0514, 1
MN14AA0514, 1
MN14AA0514, 1
MN14AA0514, 1
MN14AA0514, 1
MN14AA0607, 1
MN14AA0607, 1
MN14AA0607, 1
MN14AA0607, 1
MN14AA0607, 1
MN14AA0607, 1
MN14AA0607, 1
MN14AA0607, 1
MN14AA0607, 1
MN14AA0608, 2
MN14AA0608, 2
MN14AA0608, 2
MN14AA0608, 2
MN14AA0608, 2
MN14AA0608, 2
MN14AA0608, 2
MN14AA0608, 2
MN14AA0608, 2
MN14AA0608, 2
MN14AA0608, 2
MN14AA0609, 1
MN14AA0609, 1
MN14AA0609, 1
MN14AA0609, 1
MN14AA0610, 1
MN14AA0610, 1
MN14AA0610, 1
MN14AA0611, 1
MN14AA0611, 1
MN14AA0611, 1
MN14AA0611, 1
MN15010403, 1
MN15010403, 1
MN15010403, 1
MN15010405, 1
MN15010405, 1
MN15010405, 1
MN15010405, 1
MN15010405, 1
MN15010405, 1
MN15010405, 1
MN15010405, 1
MN15AA2402, 1
MN15AA2402, 1
MN15AA2402, 1
MN15AA2402, 1
MN15AA2402, 1
MN15AA2402, 1
MN15AA2402, 1
MN15AA2402, 1
MN15AA2403, 1
MN15AA2403, 1
MN15AA2403, 1
MN15AA2403, 1
MN15AA2403, 1
MN15AA2403, 1
MN15AA2403, 1
MN15AA2403, 1
MN15AA2405, 2
MN15AA2405, 2
MN15AA2405, 2
MN15AA2405, 2
MN15AA2405, 2
MN15AA2405, 2
MN15AA2405, 2
MN15AA2406, 1
MN15AA2406, 1
MN15AA2406, 1
MN15AA2406, 1
MN15AA2406, 1
MN15AA2407, 1
MN15AA2407, 1
MN15AA2407, 1
MN15AA2407, 1
MN15AA2407, 1
MN15AA2407, 1
MN15AA2408, 2
MN15AA2408, 2
MN15AA2408, 2
MN15AA2408, 2
MN15AA2408, 2
MN15AA2408, 2
MN15AA2502, 2
MN15AA2502, 2
MN15AA2502, 2
MN15AA2502, 2
MN15AA2502, 2
MN15AA2502, 2
MN15AA2502, 2
MN15AA2502, 2
MN15AA2502, 2
MN15AA2502, 2
MN15AA2502, 2
MN15AA2504, 1
MN15AA2504, 1
MN15AA2504, 1
MN15AA2504, 1
MN15AA2504, 1
MN15AA2504, 1
MN15AA2505, 2
MN15AA2505, 2
MN15AA2505, 2
MN15AA2505, 2
MN15AA2505, 2
MN15AA2505, 2
MN15AA2505, 2
MN15AA2506, 2
MN15AA2506, 2
MN15AA2506, 2
MN15AA2506, 2
MN15AA2506, 2
MN15AA2506, 2
MN15AA2506, 2
MN15AA2506, 2
MN15AA2506, 2
MN15AA2506, 2
MN15AA2506, 2
MN15AA2702, 2
MN15AA2702, 2
MN15AA2702, 2
MN15AA2702, 2
MN15AA2702, 2
MN15AA2702, 2
MN15AA2702, 2
MN15AA2702, 2
MN15AA2702, 2
MN15AA2703, 2
MN15AA2703, 2
MN15AA2703, 2
MN15AA2703, 2
MN15AA2703, 2
MN15AA2703, 2
MN15AA2703, 2
MN15AA2703, 2
MN15AA2703, 2
MN15AA2703, 2
MN15AA2703, 2
MN15AA2703, 2
MN15AA2704, 2
MN15AA2704, 2
MN15AA2704, 2
MN15AA2704, 2
MN15AA2704, 2
MN15AA2704, 2
MN15AA2704, 2
MN15AA2704, 2
MN15AA2705, 2
MN15AA2705, 2
MN15AA2705, 2
MN15AA2705, 2
MN15AA2705, 2
MN15AA2705, 2
MN15AA2705, 2
MN15AA2706, 1
MN15AA2706, 1
MN15AA2706, 1
MN15AA2706, 1
MN15AA2706, 1
MN15AA2706, 1
MN15AA2706, 1
MN15AA2706, 1
MN15AA2706, 1
MN15AA2706, 1
MN15AA2707, 2
MN15AA2707, 2
MN15AA2707, 2
MN15AA2707, 2
MN15AA2707, 2
MN15AA2707, 2
MN15AA2708, 1
MN15AA2708, 1
MN15AA2708, 1
MN15AA2708, 1
MN15AA2708, 1
MN15AA2708, 1
MN15AA2708, 1
MN15AA2708, 1
MN15AA2709, 1
MN15AA2709, 1
MN15AA2709, 1
MN15AA2709, 1
MN15AA2709, 1
MN15AA2709, 1
MN15AA2802, 1
MN15AA2802, 1
MN15AA2802, 1
MN15AA2802, 1
MN15AA2802, 1
MN15AA2802, 1
MN15AA2802, 1
MN15AA2802, 1
MN15AA2802, 1
MN15AA2802, 1
MN15AA2802, 1
MN15AA2802, 1
MN15AA2802, 1
MN15AA2802, 1
MN15AA2802, 1
MN15AA2802, 1
MN15AA2802, 1
MN15AA2802, 1
MN15AA2803, 2
MN15AA2803, 2
MN15AA2803, 2
MN15AA2803, 2
MN15AA2803, 2
MN15AA2803, 2
MN15AA2803, 2
MN15AA2803, 2
MN15AA2803, 2
MN15AA2803, 2
MN15AA2803, 2
MN15AA2803, 2
MN15AA2803, 2
MN15AA2803, 2
MN15AA2803, 2
MN15AA2804, 1
MN15AA2804, 1
MN15AA2804, 1
MN15AA2804, 1
MN15AA2804, 1
MN15AA2804, 1
MN15AA2804, 1
MN15AA2902, 1
MN15AA2902, 1
MN15AA2902, 1
MN15AA2902, 1
MN15AA2902, 1
MN15AA2902, 1
MN15AA2902, 1
MN15AA2903, 1
MN15AA2903, 1
MN15AA2903, 1
MN15AA2903, 1
MN15AA2903, 1
MN15AA2903, 1
MN15AA3203, 1
MN15AA3203, 1
MN15AA3203, 1
MN15AA3203, 1
MN15AA3203, 1
MN15AA3203, 1
MN15AA3203, 1
MN15AA3203, 1
MN15AA3203, 1
MN15AA3302, 2
MN15AA3302, 2
MN15AA3302, 1
MN15AA3302, 2
MN15AA3302, 1
MN15AA3302, 1
MN15AA3302, 1
MN15AA3302, 2
MN15AA3302, 1
MN15AA3302, 1
MN15AA3302, 1
MN15AA3302, 1
MN15AA3302, 1
MN15AA3302, 1
MN15AA3302, 1
MN15AA3302, 1
MN15AA3302, 2
MN15AA3302, 1
MN15AA3302, 2
MN15AA3302, 1
MN15AA3302, 1
MN15AA3302, 2
MN15AA3302, 1
MN15AA3302, 1
MN15AA3303, 2
MN15AA3303, 2
MN15AA3303, 2
MN15AA3303, 2
MN15AA3303, 2
MN15AA3303, 2
MN15AA3303, 2
MN15AA3303, 2
MN15AA3303, 2
MN15AA3303, 2
MN15AA3303, 2
MN15AA3303, 2
MN15AA3303, 2
MN15AA3305, 2
MN15AA3305, 2
MN15AA3305, 2
MN15AA3305, 2
MN15AA3311, 1
MN15AA3311, 1
MN15AA3311, 1
MN15AA3311, 1
MN15AA3311, 1
MN15AA3311, 1
MN15AA3401, 1
MN15AA3401, 1
MN15AA3401, 1
MN15AA3401, 1
MN15AA3401, 1
MN15AA3401, 1
MN15AA3401, 1
MN15AA3401, 1
MN15AA3401, 1
MN15AA3401, 1
MN15AA3401, 1
MN15AA3401, 1
MN15AA3401, 1
MN15AA3401, 1
MN15AA3403, 0
MN15AA3403, 0
MN15AA3403, 0
MN15AA3403, 0
MN15AA3403, 0
MN15AA3403, 0
MN15AA3403, 0
MN15AA3403, 0
MN15AA3403, 0
MN15AA3403, 0
MN15AA3403, 0
MN15AA3403, 0
MN15AA3403, 0
MN15AA3403, 0
MN15AA3403, 0
MN15AA3408, 2
MN15AA3408, 2
MN15AA3408, 2
MN15AA3408, 2
MN15AA3408, 2
MN15AA3408, 2
MN15AA3408, 2
MN15AA3408, 2
MN15AA3408, 2
MN15AA3408, 2
MN15AA3408, 2
MN15AA3409, 1
MN15AA3409, 1
MN15AA3409, 1
MN15AA3409, 1
MN15AA3409, 1
MN15AA3409, 1
MN15AA3409, 1
MN15AA3409, 1
MN15AA3409, 1
MN15AA3409, 1
MN15AA3410, 2
MN15AA3410, 2
MN15AA3410, 2
MN15AA3410, 2
MN15AA3410, 2
MN15AA3410, 2
MN15AA3410, 2
MN15AA3411, 2
MN15AA3411, 2
MN15AA3411, 2
MN15AA3412, 1
MN15AA3412, 1
MN15AA3412, 1
MN15AA3412, 1
MN15AA3412, 1
MN15AA3412, 1
MN15AA3412, 1
MN15AA3412, 1
MN15AA3413, 1
MN15AA3413, 1
MN15AA3413, 1
MN15AA3413, 1
MN15AA3413, 1
MN15AA3413, 1
MN15AA3413, 1
MN15AA3413, 1
MN15AA3413, 1
MN15AA3414, 1
MN15AA3414, 1
MN15AA3414, 1
MN15AA3414, 1
MN15AA3414, 1
MN15AA3414, 1
MN15AA3414, 1
MN15AA3414, 1
MN15AA3414, 1
MN15AA3415, 1
MN15AA3415, 1
MN15AA3415, 1
MN15AA3415, 1
MN15AA3415, 1
MN15AA3415, 1
MN15AA3415, 1
MN15AA3415, 1
MN15AA3415, 1
MN15AA3416, 1
MN15AA3416, 1
MN15AA3416, 1
MN15AA3416, 1
MN15AA3416, 1
MN15AA3416, 1
MN18030703, 2
MN18030703, 2
MN18030703, 2
MN18030703, 2
MN18030705, 1
MN18030705, 1
MN18030705, 1
MN18030705, 1
MN18030705, 1
MN18030705, 1
MN18030705, 1
MN18030705, 1
MN18030705, 1
MN18030705, 1
MN18030708, 1
MN18030708, 1
MN18030708, 1
MN18030708, 1
MN18030708, 1
MN18050302, 1
MN18050302, 1
MN18050302, 1
MN18050302, 1
MN18050302, 1
MN18050302, 1
MN18050302, 1
MN18050302, 1
MN18050302, 1
MN18050302, 1
MN18050302, 1
MN18050302, 1
MN18050302, 1
MN18050302, 1
MN18050302, 1
MN18050302, 1
MN18050302, 1
MN18050302, 1
MN18050302, 1
MN18050302, 1
MN18050305, 1
MN18050305, 1
MN18050305, 1
MN18050305, 1
MN18050305, 1
MN18050305, 1
MN18050306, 2
MN18050306, 2
MN18050306, 2
MN18050306, 2
MN18050306, 2
MN18050306, 2
MN18050306, 2
MN18050308, 2
MN18050308, 2
MN18050308, 2
MN18050308, 2
MN18050308, 2
MN18050308, 2
MN18050308, 2
MN18050308, 2
MN18050309, 1
MN18050309, 1
MN18050309, 1
MN18050309, 1
MN18050309, 1
MN18050309, 1
MN18050309, 1
MN18050310, 1
MN18050310, 1
MN18050310, 1
MN18050310, 1
MN18050310, 1
MN18050310, 1
MN18050311, 1
MN18050311, 1
MN18050311, 1
MN18050311, 1
MN18050311, 1
MN18050311, 1
MN18050311, 1
MN18050312, 1
MN18050312, 1
MN18050312, 1
MN18050312, 1
MN18050313, 0
MN18050313, 0
MN18050313, 0
MN18050313, 0
MN18050313, 0
MN18050313, 0
MN18050313, 0
MN18050314, 1
MN18050314, 1
MN18050314, 1
MN18050314, 1
MN18050316, 1
MN18050316, 1
MN18050316, 1
MN18050316, 1
MN18050316, 1
MN18050316, 1
MN18050316, 1
MN18050316, 1
MN18050317, 1
MN18050317, 1
MN18050317, 1
MN18050317, 1
MN18050317, 1
MN18050317, 1
MN18050317, 1
MN18050318, 1
MN18050318, 1
MN18050318, 1
MN18050318, 1
MN18050318, 1
MN19050201, 1
MN19050201, 1
MN19050201, 1
MN19050201, 1
MN19050201, 1
MN19050201, 1
MN19050201, 1
MN19050201, 1
MN19050201, 1
MN19050201, 1
MN19050201, 1
MN19050201, 1
MN19050201, 1
MN19050201, 1
MN19050202, 1
MN19050202, 1
MN19050202, 1
MN19050202, 1
MN19050202, 1
MN19050202, 1
MN19050202, 1
MN19050202, 1
MN19050202, 1
MN19050202, 1
MN19050202, 1
MN19050202, 1
MN19050205, 0
MN19050205, 0
MN19050205, 0
MN19050205, 0
MN19050205, 0
MN19050205, 0
MN19050205, 0
MN19050205, 0
MN19050205, 0
MN19050205, 0
MN19050205, 0
MN19050205, 0
MN19050206, 1
MN19050206, 1
MN19050206, 1
MN19050206, 1
MN19050206, 1
MN19050207, 1
MN19050207, 1
MN19050207, 1
MN19050207, 1
MN19050207, 1
MN19050207, 1
MN19050207, 1
MN19050207, 1
MN19050207, 1
MN19050207, 1
MN19050207, 1
MN19050208, 1
MN19050208, 1
MN19050208, 1
MN19050208, 1
MN19050208, 1
MN19050208, 1
MN19050208, 1
MN19050208, 1
MN19050208, 1
MN19050208, 1
MN19050208, 1
MN19050208, 1
MN19050208, 1
MN19050208, 1
MN19050209, 1
MN19050209, 1
MN19050209, 1
MN19050209, 1
MN19050209, 1
MN19050209, 1
MN19050209, 1
MN19050209, 1
MN19050209, 1
MN19050209, 1
MN19050209, 1
MN19050210, 1
MN19050210, 1
MN19050210, 1
MN19050210, 1
MN19050210, 1
MN19050210, 1
MN19050211, 1
MN19050211, 1
MN19050211, 1
MN19050211, 1
MN19050211, 1
MN19050211, 1
MN19050212, 1
MN19050212, 1
MN19050212, 1
MN19050212, 1
MN19050212, 1
MN19050212, 1
MN19050212, 1
MN19050212, 1
MN19050212, 1
MN19050213, 1
MN19050213, 1
MN19050213, 1
MN19050213, 1
MN19050213, 1
MN19050213, 1
MN19050213, 1
MN19050213, 1
MN19050213, 1
MN19050213, 1
MN19050214, 1
MN19050214, 1
MN19050214, 1
MN19050214, 1
MN19050214, 1
MN19050214, 1
MN19050214, 1
MN19050214, 1
MN19050214, 1
MN19050214, 1
MN19050215, 1
MN19050215, 1
MN19050215, 1
MN19050215, 1
MN19050215, 1
MN19050215, 1
MN19050216, 1
MN19050216, 1
MN19050216, 1
MN19050216, 1
MN19050216, 1
MN19050216, 1
MN19050216, 1
MN19050216, 1
MN19050216, 1
MN19050216, 1
MN19050216, 1
MN19050217, 1
MN19050217, 1
MN19050217, 1
MN19050217, 1
MN19050217, 1
MN19050217, 1
MN19050217, 1
MN19050218, 1
MN19050218, 1
MN19050218, 1
MN19050218, 1
MN19050218, 1
MN19050218, 1
MN19050218, 1
MN19050218, 1
MN19050218, 1
MN19050218, 1
MN19050218, 1
MN19050218, 1
MN19050219, 1
MN19050219, 1
MN19050219, 1
MN19050219, 1
MN19050219, 1
MN19050219, 1
MN19050219, 1
MN19050219, 1
MN19050219, 1
MN19050219, 1
MN19050220, 1
MN19050220, 1
MN19050220, 1
MN19050220, 1
MN19050220, 1
MN19050220, 1
MN19050220, 1
MN19050220, 1
MN19050220, 1
MN19050220, 1
MN19050220, 1
MN19050220, 1
MN19050222, 1
MN19050222, 1
MN19050222, 1
MN19050222, 1
MN19050222, 1
MN19050222, 1
MN19050222, 1
MN19050222, 1
MN19050222, 1
MN19050222, 1
MN19050223, 1
MN19050223, 1
MN19050223, 1
MN19050223, 1
MN19050223, 1
MN19050223, 1
MN19050223, 1
MN19050223, 1
MN19050224, 0
MN19050224, 0
MN19050224, 0
MN19050224, 0
MN19050224, 0
MN19050224, 0
MN19050224, 0
MN19050224, 0
MN19050226, 1
MN19050226, 1
MN19050226, 1
MN19050226, 1
MN19050226, 1
MN19050226, 1
MN19050226, 1
MN19050226, 1
MN19050226, 1
MN19050226, 1
MN19050227, 1
MN19050227, 1
MN19050227, 1
MN19050227, 1
MN19050227, 1
MN19050227, 1
MN19050227, 1
MN19050227, 1
MN19050227, 1
MN19050227, 1
MN19050228, 1
MN19050228, 1
MN19050228, 1
MN19050228, 1
MN19050228, 1
MN19050228, 1
MN19050228, 1
MN19050229, 1
MN19050229, 1
MN19050229, 1
MN19050229, 1
MN19050229, 1
MN19050230, 1
MN19050230, 1
MN19050230, 1
MN19050230, 1
MN19050230, 1
MN19050230, 1
MN19050230, 1
MN19050231, 1
MN19050231, 1
MN19050231, 1
MN19050231, 1
MN19050231, 1
MN19050231, 1
MN19050232, 1
MN19050232, 1
MN19050232, 1
MN19050232, 1
MN19050232, 1
MN19050232, 1
MN19050233, 1
MN19050233, 1
MN19050233, 1
MN19050233, 1
MN19050233, 1
MN19050233, 1
MN19050233, 1
MN19050233, 1
MN19050233, 1
MN19050233, 1
MN19050234, 1
MN19050234, 1
MN19050234, 1
MN19050234, 1
MN19050234, 1
MN19050234, 1
MN19050234, 1
MN19050234, 1
MN19050235, 1
MN19050235, 1
MN19050235, 1
MN19050235, 1
MN19050235, 1
MN19050235, 1
MN19050235, 1
MN19050235, 1
MN19050235, 1
MN19050235, 1
MN19050235, 1
MN19050237, 1
MN19050237, 1
MN19050237, 1
MN19050237, 1
MN19050237, 1
MN19050237, 1
MN19050237, 1
MN19050237, 1
MN19050238, 2
MN19050238, 2
MN19050238, 2
MN19050238, 2
MN19050238, 2
MN19050240, 1
MN19050240, 1
MN19050240, 1
MN19050240, 1
MN19050240, 1
MN19050240, 1
MN19050240, 1
MN19050241, 1
MN19050241, 1
MN19050241, 1
MN19050241, 1
MN19050241, 1
MN19050241, 1
MN19050242, 1
MN19050242, 1
MN19050242, 1
MN19050242, 1
MN19050242, 1
MN19050242, 1
MN19050242, 1
MN19050242, 1
MN19050242, 1
MN19050242, 1
MN19050242, 1
MN19050242, 1
MN19050242, 1
MN19050242, 1
MN19050242, 1
MN19050242, 1
MN19050242, 1
MN19050243, 1
MN19050243, 1
MN19050243, 1
MN19050243, 1
MN19050243, 1
MN19050243, 1
MN19050243, 1
MN19050243, 1
MN19050244, 1
MN19050244, 1
MN19050244, 1
MN19050244, 1
MN19050244, 1
MN19050244, 1
MN19050244, 1
MN19050244, 1
MN19050245, 1
MN19050245, 1
MN19050245, 1
MN19050245, 1
MN19050245, 1
MN19080801, 1
MN19080801, 1
MN19080801, 1
MN19080801, 1
MN19080801, 1
MN19080801, 1
MN19080801, 1
MN19080801, 1
MN19080801, 1
MN19080801, 1
MN19080801, 1
MN19080802, 1
MN19080802, 1
MN19080802, 1
MN19080802, 1
MN19080802, 1
MN19080802, 1
MN19080802, 1
MN19080802, 1
MN19080802, 1
MN19080802, 1
MN19080802, 1
MN19080803, 1
MN19080803, 1
MN19080803, 1
MN19080803, 1
MN19080803, 1
MN19080803, 1
MN19080803, 1
MN19080803, 1
MN19080803, 1
MN19080803, 1
MN19080803, 1
MN19080804, 1
MN19080804, 1
MN19080804, 1
MN19080804, 1
MN19080804, 1
MN19080804, 1
MN19080804, 1
MN19080805, 1
MN19080805, 1
MN19080805, 1
MN19080805, 1
MN19080805, 1
MN19080805, 1
MN19080805, 1
MN19080805, 1
MN19080805, 1
MN19080805, 1
MN19080805, 1
MN19080805, 1
MN19080806, 1
MN19080806, 1
MN19080806, 1
MN19080806, 1
MN19080806, 1
MN19080806, 1
MN19080807, 2
MN19080807, 2
MN19080807, 2
MN19080807, 2
MN19080807, 2
MN19080807, 2
MN19080807, 2
MN19080807, 2
MN19080807, 2
MN19080807, 2
MN19080808, 1
MN19080808, 1
MN19080808, 1
MN19080808, 1
MN19080808, 1
MN19080808, 1
MN19080808, 1
MN19080808, 1
MN19080808, 1
MN19080808, 1
MN19080813, 1
MN19080813, 1
MN19080813, 1
MN19080813, 1
MN19080813, 1
MN19080813, 1
MN19080813, 1
MN19080813, 1
MN19080814, 1
MN19080814, 1
MN19080814, 1
MN19080814, 1
MN19080814, 1
MN19080814, 1
MN19080814, 1
MN19080817, 1
MN19080817, 1
MN19080817, 1
MN19080817, 1
MN19080817, 1
MN19080817, 1
MN19080817, 1
MN19080817, 1
MN19080817, 1
MN19081015, 2
MN19081015, 2
MN19081015, 2
MN19081015, 2
MN19081015, 2
MN19081015, 2
MN19081015, 2
MN19081015, 2
MN19081016, 1
MN19081016, 1
MN19081016, 1
MN19081016, 1
MN19081016, 1
MN19081016, 1
MN19081016, 1
MN19081016, 1
MN19081016, 1
MN19081016, 1
MN19081016, 1
MN19081016, 1
MN19081016, 1
MN19081016, 1
MN19081018, 1
MN19081018, 1
MN19081018, 1
MN19081018, 1
MN19081018, 1
MN19081018, 1
MN19081018, 1
MN19081018, 1
MN19081018, 1
MN19081020, 2
MN19081020, 2
MN19081020, 2
MN19081020, 2
MN19081020, 2
MN19081020, 2
MN19081022, 1
MN19081022, 1
MN19081022, 1
MN19081022, 1
MN19081022, 1
MN19081023, 1
MN19081023, 1
MN19081023, 1
MN19081023, 1
MN19081023, 1
MN19081023, 1
MN19081023, 1
MN19081023, 1
MN19081024, 1
MN19081024, 1
MN19081024, 1
MN19081024, 1
MN19081024, 1
MN19081024, 1
MN19081024, 1
MN19081024, 1
MN19081201, 0
MN19081201, 0
MN19081201, 0
MN19081201, 0
MN19081201, 0
MN19081201, 0
MN19081201, 0
MN19081201, 0
MN19081201, 0
MN19081201, 0
MN19081201, 0
MN19081201, 0
MN19081202, 2
MN19081202, 2
MN19081202, 2
MN19081202, 2
MN19081202, 2
MN19081202, 2
MN19081202, 2
MN19081202, 2
MN19081202, 2
MN19081202, 2
MN19081202, 2
MN19081202, 2
MN19081202, 2
MN19081301, 1
MN19081301, 1
MN19081301, 1
MN19081301, 1
MN19081301, 1
MN19081301, 1
MN19081301, 1
MN19081301, 1
MN19081301, 1
MN19081302, 1
MN19081302, 1
MN19081302, 1
MN19081302, 1
MN19081302, 1
MN19081302, 1
MN19081302, 1
MN19081302, 1
MN19081303, 1
MN19081303, 1
MN19081303, 1
MN19081303, 1
MN19081303, 1
MN19081303, 1
MN19081303, 1
MN19081303, 1
MN19081303, 1
MN19081303, 1
MN19081304, 1
MN19081304, 1
MN19081304, 1
MN19081304, 1
MN19081304, 1
MN19081304, 1
MN19081304, 1
MN19081304, 1
MN19081304, 1
MN19081304, 1
MN19081305, 1
MN19081305, 1
MN19081305, 1
MN19081305, 1
MN19081305, 1
MN19081305, 1
MN19081305, 1
MN19081305, 1
MN19081305, 1
MN19081305, 1
MN19081640, 1
MN19081640, 1
MN19081640, 1
MN19081640, 1
MN19081640, 1
MN19081640, 1
